"","rik","alder","kjonn","tillit","valg","redusere"
"1",3,57,2,6,7,1
"2",4,58,1,7,3,2
"3",6,63,1,5,3,2
"4",5,51,1,2,8,4
"5",3,46,1,8,10,3
"6",5,55,1,2,8,2
"7",3,60,1,5,3,2
"8",4,19,1,6,NA,3
"9",5,69,2,6,10,2
"10",5,44,2,5,7,2
"11",5,84,2,4,3,1
"12",5,53,2,5,2,1
"13",5,68,1,7,2,3
"14",5,78,2,7,3,1
"15",5,33,1,8,NA,4
"16",6,25,2,6,2,2
"17",5,48,2,7,5,3
"18",6,37,1,6,6,2
"19",6,57,2,8,3,2
"20",5,19,1,6,NA,3
"21",3,42,1,5,2,3
"22",3,21,2,4,10,2
"23",5,53,1,6,6,1
"24",4,65,1,5,NA,4
"25",4,60,1,2,7,1
"26",6,17,2,8,NA,2
"27",5,65,2,7,7,2
"28",5,30,2,3,1,1
"29",2,29,1,5,NA,2
"30",5,24,2,7,3,2
"31",6,35,2,6,7,3
"32",4,58,2,3,NA,2
"33",6,90,2,5,3,1
"34",5,52,2,7,7,2
"35",5,32,1,8,6,2
"36",3,24,2,4,8,2
"37",4,71,2,0,7,5
"38",5,24,1,4,3,2
"39",3,22,2,2,8,2
"40",6,55,1,7,3,3
"41",6,80,1,7,7,3
"42",4,53,1,6,7,3
"43",4,65,1,7,8,3
"44",5,39,2,5,2,1
"45",4,22,1,6,7,5
"46",5,50,1,6,NA,2
"47",6,62,1,6,5,3
"48",5,67,2,3,7,2
"49",4,55,1,5,3,1
"50",5,24,2,5,7,3
"51",5,52,2,4,NA,1
"52",4,50,2,6,4,1
"53",1,31,2,6,3,3
"54",5,30,2,0,10,1
"55",5,53,1,4,3,1
"56",6,66,2,5,3,1
"57",4,22,1,5,3,2
"58",5,35,1,3,NA,2
"59",5,45,2,4,4,2
"60",4,63,1,7,8,2
"61",5,51,2,6,3,2
"62",5,64,1,2,6,2
"63",6,27,1,3,4,1
"64",4,28,2,7,4,2
"65",5,56,1,7,7,4
"66",3,44,2,3,7,5
"67",4,19,1,5,NA,3
"68",5,65,2,6,NA,2
"69",4,40,1,5,8,2
"70",5,54,1,3,8,2
"71",5,18,2,6,NA,2
"72",4,36,2,4,NA,1
"73",5,88,1,3,8,4
"74",5,75,2,7,3,1
"75",3,72,1,8,8,2
"76",5,25,2,6,3,4
"77",5,20,2,8,7,1
"78",5,49,2,5,2,1
"79",5,56,2,5,8,2
"80",5,56,2,3,1,2
"81",4,23,1,6,NA,4
"82",3,32,1,5,3,1
"83",5,56,2,5,3,3
"84",4,46,2,7,7,3
"85",5,68,2,2,1,1
"86",5,33,2,6,NA,1
"87",5,21,1,7,7,3
"88",5,47,1,1,7,4
"89",2,NA,1,7,3,3
"90",4,38,1,7,7,2
"91",6,58,1,7,3,2
"92",3,33,1,5,3,2
"93",2,43,2,3,3,2
"94",4,45,1,5,7,2
"95",5,62,2,6,2,1
"96",5,42,1,6,4,3
"97",6,55,2,3,7,2
"98",5,47,1,5,3,2
"99",5,48,1,3,7,2
"100",5,69,1,4,7,2
"101",6,49,1,7,5,2
"102",4,40,1,5,3,1
"103",4,17,2,7,NA,2
"104",3,32,2,8,4,2
"105",5,27,1,5,NA,1
"106",2,23,1,1,NA,1
"107",5,66,2,6,7,4
"108",2,17,1,8,NA,2
"109",3,49,2,7,NA,2
"110",5,36,1,1,3,2
"111",3,20,1,7,3,4
"112",5,45,1,7,2,1
"113",4,45,2,5,1,1
"114",4,45,2,6,3,2
"115",5,55,2,5,3,2
"116",5,55,1,5,6,2
"117",5,39,2,5,6,3
"118",5,40,1,3,7,2
"119",5,21,2,5,6,2
"120",6,60,2,7,2,1
"121",5,33,1,1,11,1
"122",5,47,1,7,2,1
"123",5,63,1,7,1,1
"124",4,61,1,1,8,2
"125",5,87,2,8,6,2
"126",4,29,2,5,3,2
"127",5,42,2,5,5,1
"128",4,46,1,6,7,2
"129",4,57,2,5,2,1
"130",4,47,1,5,NA,2
"131",5,59,1,7,5,3
"132",5,67,1,5,3,2
"133",3,26,2,7,3,2
"134",3,35,1,4,3,2
"135",5,55,1,5,NA,3
"136",5,42,2,6,11,2
"137",5,42,2,5,NA,2
"138",5,19,1,5,NA,1
"139",5,46,1,3,8,4
"140",5,50,1,6,3,2
"141",5,16,2,2,NA,2
"142",4,26,2,3,2,1
"143",5,48,2,6,7,2
"144",5,68,1,7,4,4
"145",6,60,2,9,6,2
"146",5,44,2,5,10,2
"147",4,47,1,3,6,4
"148",5,35,2,7,6,2
"149",5,41,2,7,NA,2
"150",4,26,1,4,NA,5
"151",5,54,1,8,4,2
"152",4,36,2,5,NA,2
"153",5,47,1,1,NA,2
"154",3,67,1,5,7,2
"155",5,32,2,7,6,2
"156",6,74,1,7,5,2
"157",5,34,1,7,10,2
"158",5,76,1,4,NA,5
"159",5,39,1,6,NA,4
"160",3,88,1,8,7,2
"161",5,69,1,8,3,3
"162",4,37,2,6,6,1
"163",6,NA,2,6,7,2
"164",3,21,1,7,NA,2
"165",5,41,1,5,4,2
"166",4,56,1,2,8,4
"167",NA,51,2,NA,7,3
"168",4,41,2,6,3,2
"169",2,18,2,3,NA,3
"170",5,24,1,2,3,2
"171",4,73,2,5,4,2
"172",5,76,1,5,7,2
"173",4,48,1,4,NA,3
"174",5,61,1,6,4,1
"175",5,84,1,5,5,2
"176",4,16,1,7,NA,1
"177",5,30,1,5,7,4
"178",4,47,2,7,NA,3
"179",5,60,1,3,4,2
"180",5,17,1,0,NA,3
"181",5,46,1,4,7,3
"182",5,48,2,7,NA,3
"183",5,59,2,7,1,1
"184",5,86,1,3,8,3
"185",5,52,2,6,NA,3
"186",5,22,1,0,11,2
"187",5,32,2,4,NA,3
"188",5,38,2,6,NA,2
"189",6,79,1,5,6,2
"190",5,18,1,7,NA,2
"191",5,72,1,2,7,2
"192",4,25,1,1,NA,2
"193",5,58,1,6,3,2
"194",3,15,1,10,NA,2
"195",3,21,1,4,NA,2
"196",4,17,1,4,NA,3
"197",5,53,1,8,7,3
"198",5,38,2,7,4,2
"199",5,81,2,5,7,2
"200",5,66,2,9,7,5
"201",6,49,1,6,8,2
"202",5,45,2,3,8,2
"203",5,32,1,4,2,4
"204",3,32,1,6,7,3
"205",5,48,1,6,5,2
"206",6,76,2,8,3,2
"207",5,20,2,4,2,2
"208",5,55,2,6,7,3
"209",5,72,2,1,7,3
"210",5,63,2,6,10,1
"211",3,49,1,6,7,4
"212",2,NA,1,10,NA,2
"213",5,72,2,7,7,3
"214",5,64,1,7,11,2
"215",6,40,1,1,3,1
"216",6,55,2,5,7,4
"217",5,23,2,3,1,2
"218",5,50,2,2,6,2
"219",5,52,2,7,3,1
"220",5,81,2,7,7,2
"221",5,47,2,6,7,2
"222",3,69,1,5,3,2
"223",2,24,2,2,10,2
"224",3,42,1,4,4,2
"225",3,27,1,8,6,2
"226",4,29,1,0,NA,4
"227",5,71,1,5,3,2
"228",4,70,2,4,7,3
"229",5,76,2,5,6,1
"230",6,61,2,2,4,2
"231",6,36,1,7,NA,2
"232",5,50,2,6,7,3
"233",3,36,1,4,7,4
"234",5,37,2,7,5,2
"235",5,62,2,9,3,1
"236",5,32,1,5,7,2
"237",5,38,1,5,3,1
"238",5,37,1,7,NA,2
"239",4,42,1,7,NA,2
"240",5,57,1,5,5,2
"241",4,48,2,6,3,1
"242",5,74,1,0,6,2
"243",5,65,1,6,3,2
"244",5,36,2,3,1,1
"245",4,26,2,5,NA,3
"246",6,74,1,8,7,3
"247",5,59,2,6,8,2
"248",5,33,1,5,8,3
"249",3,36,1,2,6,2
"250",5,21,2,3,NA,3
"251",3,18,1,8,NA,2
"252",5,41,2,6,NA,1
"253",6,41,1,10,NA,4
"254",6,43,2,3,7,1
"255",5,26,2,4,2,2
"256",3,18,1,6,NA,2
"257",6,78,2,4,5,1
"258",5,82,1,7,7,3
"259",4,57,2,5,7,2
"260",2,NA,2,4,7,3
"261",4,27,1,5,4,3
"262",2,24,1,8,7,4
"263",5,42,2,7,3,1
"264",2,50,1,9,NA,1
"265",6,21,2,4,4,2
"266",6,47,2,4,6,2
"267",5,76,2,5,6,1
"268",6,60,2,9,1,1
"269",4,56,1,5,3,2
"270",5,41,1,1,3,1
"271",5,57,1,4,NA,2
"272",5,48,1,5,NA,2
"273",5,46,1,6,5,2
"274",5,79,1,8,3,1
"275",5,60,1,6,3,2
"276",5,79,1,5,3,1
"277",1,73,2,6,7,4
"278",5,68,2,7,7,3
"279",5,75,2,5,3,1
"280",6,53,2,4,3,2
"281",4,16,1,9,NA,2
"282",3,53,1,4,4,3
"283",6,58,1,7,3,2
"284",5,87,2,7,3,2
"285",5,56,1,1,NA,3
"286",5,58,2,6,3,2
"287",3,70,1,9,3,1
"288",5,72,2,6,5,2
"289",5,19,2,3,NA,1
"290",5,34,2,7,10,2
"291",4,55,1,8,3,2
"292",5,22,1,8,3,1
"293",3,42,1,7,6,3
"294",4,22,2,6,2,1
"295",5,43,1,3,3,3
"296",5,70,2,5,7,3
"297",5,70,2,5,NA,3
"298",5,64,1,4,7,3
"299",6,54,2,0,8,3
"300",4,48,1,4,7,3
"301",4,49,1,6,7,4
"302",5,75,1,6,6,2
"303",5,16,1,6,NA,2
"304",5,16,1,8,NA,2
"305",4,37,2,7,7,3
"306",4,48,1,7,7,3
"307",5,34,2,7,4,2
"308",4,39,1,2,6,2
"309",5,18,1,8,NA,3
"310",5,61,1,6,NA,3
"311",5,30,1,2,7,4
"312",2,54,1,8,4,3
"313",2,21,1,3,7,3
"314",5,62,1,8,7,3
"315",4,15,2,9,NA,3
"316",3,39,1,3,NA,2
"317",5,21,2,7,6,2
"318",3,55,2,6,7,3
"319",5,31,1,7,5,2
"320",5,39,1,7,2,1
"321",5,62,2,3,3,2
"322",5,39,2,2,NA,1
"323",5,62,1,7,8,1
"324",3,61,1,8,3,2
"325",5,62,2,4,7,3
"326",5,24,1,3,6,2
"327",4,23,2,6,8,3
"328",3,29,1,4,11,2
"329",4,26,2,5,11,3
"330",4,45,2,4,3,2
"331",5,23,1,3,10,2
"332",6,35,1,6,NA,2
"333",5,62,1,4,11,1
"334",3,62,2,4,7,3
"335",4,35,1,7,7,2
"336",5,46,2,5,8,2
"337",5,42,2,7,NA,4
"338",5,36,2,5,3,2
"339",5,53,2,7,4,2
"340",4,66,2,3,NA,3
"341",5,68,1,4,7,3
"342",5,69,2,8,NA,1
"343",4,46,1,6,10,1
"344",6,44,2,7,2,2
"345",5,63,1,5,2,1
"346",5,49,1,5,2,1
"347",5,53,1,1,7,2
"348",5,48,1,7,3,1
"349",5,42,2,5,3,2
"350",5,58,1,7,3,2
"351",5,36,2,5,4,2
"352",4,49,1,7,3,2
"353",NA,75,1,8,NA,2
"354",4,32,1,3,7,2
"355",5,63,1,4,6,1
"356",4,22,1,3,4,2
"357",5,60,1,5,3,1
"358",4,61,2,3,7,2
"359",5,66,1,0,4,2
"360",5,53,2,0,3,1
"361",4,57,1,5,3,2
"362",3,23,2,3,2,2
"363",5,67,2,2,8,3
"364",4,54,2,3,7,4
"365",4,22,2,5,NA,2
"366",5,63,2,6,2,1
"367",5,38,2,7,3,2
"368",6,58,1,5,NA,2
"369",5,53,1,4,6,2
"370",5,24,2,6,7,2
"371",5,35,1,3,NA,1
"372",6,50,2,2,6,3
"373",3,37,1,7,NA,2
"374",6,81,1,2,7,4
"375",2,21,1,7,7,3
"376",5,68,1,6,8,2
"377",5,23,1,5,3,4
"378",6,56,1,5,NA,4
"379",4,19,2,9,NA,2
"380",5,31,1,0,3,3
"381",4,55,2,7,2,1
"382",5,90,2,5,2,2
"383",3,34,1,6,NA,3
"384",5,66,1,3,3,2
"385",5,37,2,5,3,2
"386",5,27,2,5,6,2
"387",5,51,1,4,3,1
"388",3,26,2,7,2,1
"389",6,60,1,6,6,1
"390",4,33,2,5,2,2
"391",4,60,2,2,10,2
"392",5,27,2,4,NA,2
"393",5,NA,2,5,3,3
"394",5,23,2,6,11,2
"395",5,63,2,5,3,2
"396",3,17,2,7,NA,1
"397",4,29,2,7,2,1
"398",5,60,2,5,7,4
"399",6,90,2,8,5,1
"400",4,41,2,NA,NA,3
"401",5,28,2,7,NA,2
"402",5,33,1,4,NA,2
"403",5,36,2,4,NA,1
"404",5,41,2,7,2,2
"405",5,35,2,5,6,2
"406",4,49,1,8,6,2
"407",5,62,1,4,5,2
"408",5,26,1,9,NA,2
"409",5,78,1,7,3,1
"410",4,59,1,8,8,2
"411",4,72,1,6,3,1
"412",5,58,1,5,7,2
"413",5,28,1,7,2,1
"414",5,33,1,6,7,3
"415",6,62,1,5,4,3
"416",5,74,1,4,NA,2
"417",6,47,2,2,3,2
"418",5,30,2,8,NA,2
"419",5,33,1,3,1,3
"420",4,41,2,7,7,2
"421",5,41,2,3,5,1
"422",2,16,1,5,NA,3
"423",5,75,2,2,3,1
"424",5,30,1,5,7,4
"425",3,23,1,7,8,2
"426",6,41,2,6,3,2
"427",5,51,2,6,3,1
"428",3,16,1,6,NA,3
"429",4,33,1,7,4,2
"430",6,39,1,7,NA,2
"431",6,68,2,4,1,1
"432",5,74,1,7,7,2
"433",6,44,1,0,8,1
"434",6,52,1,5,10,1
"435",2,42,1,6,6,2
"436",5,43,2,2,6,2
"437",5,70,1,1,11,2
"438",4,20,1,6,7,3
"439",5,67,1,6,2,1
"440",4,68,2,4,3,2
"441",5,71,2,6,3,2
"442",5,72,2,5,5,2
"443",5,60,1,6,7,3
"444",5,27,1,1,NA,3
"445",5,43,1,3,NA,1
"446",4,16,1,8,NA,2
"447",5,37,1,4,3,1
"448",4,32,2,4,NA,3
"449",5,71,1,6,5,2
"450",6,22,1,5,7,3
"451",4,40,1,5,3,1
"452",6,25,1,0,NA,1
"453",5,30,2,5,3,2
"454",6,43,2,6,3,2
"455",5,69,2,5,2,1
"456",4,26,1,2,11,3
"457",5,71,2,3,3,1
"458",4,19,2,9,NA,2
"459",5,35,1,4,2,1
"460",3,56,1,4,8,4
"461",5,31,1,4,3,3
"462",5,57,2,7,NA,2
"463",3,NA,1,7,NA,3
"464",5,62,1,6,3,2
"465",5,35,2,4,6,2
"466",3,48,2,5,2,2
"467",5,58,1,1,NA,1
"468",5,47,1,0,7,2
"469",5,64,1,8,7,4
"470",5,63,1,5,NA,2
"471",6,75,2,7,NA,2
"472",4,39,1,6,7,4
"473",6,28,1,0,8,1
"474",6,69,1,7,3,1
"475",4,18,2,7,NA,2
"476",5,79,2,7,7,1
"477",5,62,2,4,3,2
"478",5,52,2,8,6,2
"479",4,71,2,8,7,3
"480",5,44,1,6,4,2
"481",5,46,1,5,7,4
"482",5,71,1,6,7,3
"483",5,48,2,5,NA,2
"484",1,16,2,5,NA,2
"485",5,64,1,7,2,2
"486",3,43,1,6,7,3
"487",5,51,2,7,4,2
"488",5,60,1,6,3,2
"489",5,50,1,6,7,2
"490",5,44,1,1,6,2
"491",5,23,2,7,3,2
"492",4,NA,1,5,1,1
"493",5,67,1,7,7,2
"494",5,35,1,3,8,2
"495",3,19,1,5,3,2
"496",4,16,2,6,NA,1
"497",5,17,2,6,NA,1
"498",5,60,1,6,3,1
"499",5,25,1,7,7,3
"500",3,22,2,9,6,2
"501",5,40,2,6,2,2
"502",5,36,1,8,2,1
"503",5,75,1,6,3,1
"504",5,39,2,4,7,4
"505",3,54,1,5,3,2
"506",6,63,2,7,2,1
"507",6,52,1,5,NA,1
"508",5,15,2,6,NA,2
"509",5,47,2,6,NA,2
"510",4,35,1,5,NA,2
"511",5,80,2,4,NA,2
"512",6,53,2,5,6,1
"513",5,49,2,6,2,2
"514",5,24,2,8,2,1
"515",6,66,1,5,NA,1
"516",4,55,1,6,3,1
"517",5,53,1,5,6,2
"518",6,58,1,8,4,3
"519",4,35,1,6,3,1
"520",5,49,2,7,3,2
"521",5,58,1,6,7,2
"522",5,77,1,5,6,1
"523",6,85,1,3,10,2
"524",2,22,1,9,7,2
"525",2,23,1,7,NA,3
"526",4,21,1,8,3,3
"527",5,16,2,7,NA,NA
"528",3,26,1,5,7,4
"529",5,48,2,6,2,1
"530",5,34,2,5,7,2
"531",5,29,2,2,8,1
"532",5,65,1,7,3,2
"533",3,25,2,9,10,2
"534",4,56,1,7,7,4
"535",5,41,1,4,NA,2
"536",5,31,2,6,10,1
"537",4,31,1,5,7,2
"538",5,60,1,5,3,1
"539",3,35,1,4,NA,1
"540",4,47,1,6,7,2
"541",4,29,2,6,1,1
"542",4,29,1,7,4,3
"543",5,53,2,7,3,3
"544",5,NA,1,4,7,2
"545",4,38,1,7,4,3
"546",4,19,1,5,NA,3
"547",5,NA,2,7,3,2
"548",5,34,1,10,NA,1
"549",6,72,2,6,7,2
"550",6,60,1,7,3,1
"551",6,46,1,5,2,2
"552",3,32,1,1,7,3
"553",4,25,1,6,NA,1
"554",5,33,1,7,6,4
"555",5,58,1,6,10,1
"556",6,55,2,5,3,2
"557",3,32,1,5,7,2
"558",5,44,2,6,7,2
"559",5,80,2,6,8,3
"560",5,17,1,5,NA,3
"561",5,23,1,5,6,2
"562",5,71,2,6,7,3
"563",5,68,1,5,3,1
"564",4,19,2,6,NA,2
"565",5,40,1,7,3,3
"566",6,66,1,2,3,1
"567",4,NA,1,5,8,2
"568",6,86,1,8,7,3
"569",6,71,2,7,2,2
"570",6,56,1,2,3,1
"571",5,79,2,5,3,4
"572",4,18,2,4,NA,2
"573",3,43,1,5,4,2
"574",2,18,1,7,NA,2
"575",4,30,2,3,3,2
"576",6,35,1,6,1,1
"577",5,44,1,8,4,2
"578",2,33,2,8,7,4
"579",6,43,1,4,NA,2
"580",1,27,2,8,8,4
"581",5,50,2,4,8,2
"582",NA,46,1,7,NA,2
"583",5,66,2,8,NA,2
"584",4,34,1,8,3,3
"585",NA,65,1,9,11,2
"586",5,65,2,6,2,2
"587",5,74,1,0,6,2
"588",2,21,2,4,NA,2
"589",5,63,1,6,3,2
"590",3,64,1,7,7,4
"591",5,36,1,3,NA,3
"592",5,70,1,6,6,1
"593",4,62,2,6,7,1
"594",5,67,1,1,6,1
"595",4,66,1,3,7,2
"596",5,40,2,7,5,2
"597",5,17,2,2,NA,1
"598",3,30,1,6,6,4
"599",4,47,2,2,7,2
"600",4,75,1,5,7,2
"601",4,56,1,5,NA,2
"602",5,57,2,3,3,1
"603",5,17,2,7,NA,1
"604",5,52,1,8,8,4
"605",NA,54,1,9,8,4
"606",5,40,1,2,NA,2
"607",6,44,2,7,3,2
"608",5,55,1,7,7,2
"609",5,59,2,0,8,2
"610",5,50,1,3,3,1
"611",5,26,2,8,NA,3
"612",5,62,2,1,7,1
"613",5,59,1,4,8,3
"614",5,77,1,2,8,2
"615",6,67,2,6,6,2
"616",2,24,2,4,11,2
"617",6,32,2,6,10,2
"618",5,30,2,3,2,2
"619",4,65,2,6,2,1
"620",5,54,1,5,7,4
"621",5,47,2,5,NA,3
"622",5,57,2,5,NA,1
"623",5,55,2,7,3,2
"624",5,54,2,6,7,3
"625",3,47,1,5,7,3
"626",4,39,1,4,4,2
"627",5,27,2,2,NA,2
"628",6,40,1,7,7,1
"629",5,19,2,4,NA,2
"630",6,71,2,4,7,2
"631",3,68,2,5,NA,3
"632",5,57,1,0,7,3
"633",3,NA,2,3,NA,3
"634",5,52,1,3,6,2
"635",6,42,1,8,NA,2
"636",5,62,2,7,4,2
"637",5,28,2,5,5,2
"638",6,54,2,7,5,1
"639",2,19,1,8,NA,3
"640",5,58,1,8,7,1
"641",4,15,2,6,NA,1
"642",5,60,1,3,6,2
"643",4,53,1,5,7,2
"644",6,51,1,5,3,1
"645",5,54,1,8,7,2
"646",5,53,2,6,NA,1
"647",4,19,2,7,NA,NA
"648",5,27,2,0,7,2
"649",5,73,2,2,NA,1
"650",5,55,1,5,3,1
"651",4,34,1,3,8,3
"652",2,20,1,2,NA,5
"653",3,25,1,6,7,2
"654",4,47,2,6,7,3
"655",5,73,2,0,10,1
"656",5,21,1,5,NA,4
"657",4,29,2,3,7,1
"658",3,70,2,6,7,2
"659",2,35,2,5,2,3
"660",3,51,1,6,7,4
"661",5,68,2,8,3,1
"662",6,66,2,5,7,3
"663",5,34,1,5,8,4
"664",4,40,1,3,2,2
"665",3,39,1,3,7,3
"666",5,79,1,8,7,4
"667",5,80,2,7,NA,1
"668",5,53,1,5,8,3
"669",5,69,1,7,7,2
"670",6,66,1,8,3,1
"671",4,42,2,7,NA,4
"672",5,61,1,6,8,4
"673",5,62,1,5,3,1
"674",2,16,1,0,NA,4
"675",5,17,2,NA,NA,2
"676",4,16,1,9,NA,2
"677",4,22,1,6,3,3
"678",5,39,1,2,NA,2
"679",6,71,2,6,1,1
"680",2,19,2,2,10,1
"681",5,36,1,6,NA,1
"682",3,70,2,7,3,2
"683",5,68,1,4,6,1
"684",4,46,2,4,7,4
"685",5,25,1,2,NA,3
"686",6,53,1,4,3,2
"687",5,NA,2,5,NA,NA
"688",5,51,1,6,4,3
"689",5,62,1,2,3,2
"690",4,58,2,7,3,2
"691",5,49,2,6,NA,2
"692",4,55,2,5,NA,4
"693",5,52,2,4,8,2
"694",5,21,2,5,4,3
"695",5,45,1,7,3,1
"696",3,40,1,7,8,2
"697",5,67,2,5,3,2
"698",5,41,1,7,7,3
"699",5,70,2,4,NA,2
"700",4,23,1,4,NA,4
"701",6,32,1,6,1,5
"702",4,29,2,3,NA,3
"703",5,73,2,7,4,2
"704",5,65,1,3,10,1
"705",5,70,1,5,2,1
"706",4,58,1,6,7,2
"707",6,32,1,6,5,3
"708",2,43,1,0,8,5
"709",5,69,2,3,8,4
"710",5,25,1,7,7,2
"711",5,59,1,3,3,3
"712",5,77,2,6,3,1
"713",6,68,2,6,2,1
"714",3,30,2,6,7,2
"715",5,49,1,5,7,4
"716",5,54,1,7,NA,4
"717",5,70,1,6,7,2
"718",3,NA,1,5,NA,4
"719",2,30,1,10,3,5
"720",5,19,2,6,NA,2
"721",3,54,1,5,3,4
"722",6,26,2,3,NA,1
"723",5,50,1,3,4,5
"724",5,45,1,2,NA,2
"725",5,25,1,7,NA,3
"726",4,18,2,6,NA,2
"727",5,67,2,5,2,1
"728",6,45,2,3,5,2
"729",5,40,1,2,7,4
"730",5,49,1,7,7,4
"731",4,15,2,9,NA,2
"732",6,47,2,0,7,3
"733",5,49,2,5,3,2
"734",5,42,1,6,2,1
"735",5,56,1,7,3,4
"736",4,25,1,7,1,1
"737",5,49,1,6,8,2
"738",4,42,2,7,7,2
"739",5,48,1,6,6,2
"740",5,18,1,5,NA,2
"741",5,70,1,4,7,1
"742",5,54,2,6,7,4
"743",5,65,1,5,NA,2
"744",3,NA,1,7,NA,2
"745",5,49,2,5,7,2
"746",6,40,2,5,3,1
"747",4,NA,2,8,8,1
"748",3,72,1,5,8,5
"749",5,81,1,6,10,2
"750",4,26,2,7,NA,3
"751",5,56,2,5,5,1
"752",6,28,2,4,3,2
"753",5,50,1,5,10,1
"754",1,22,1,5,4,2
"755",3,47,1,8,3,2
"756",1,NA,1,5,NA,3
"757",6,75,2,6,7,2
"758",3,30,1,2,4,4
"759",6,53,1,4,3,1
"760",6,80,2,7,10,2
"761",5,NA,1,8,6,2
"762",4,67,2,4,7,2
"763",5,NA,2,7,3,3
"764",6,49,1,6,3,1
"765",4,54,2,5,7,2
"766",1,40,2,4,NA,4
"767",4,25,2,7,2,1
"768",6,53,1,6,7,3
"769",6,74,1,2,3,1
"770",5,42,2,6,6,2
"771",3,59,2,9,4,2
"772",5,66,2,6,3,1
"773",5,30,1,5,7,3
"774",4,19,1,4,NA,3
"775",4,38,1,6,7,4
"776",5,29,1,7,7,2
"777",4,50,1,2,8,3
"778",6,34,1,4,6,2
"779",5,72,1,6,7,3
"780",5,40,2,6,3,2
"781",5,24,1,5,NA,2
"782",6,51,1,2,2,1
"783",5,NA,1,4,11,2
"784",5,75,1,6,8,2
"785",3,28,1,6,7,2
"786",5,21,1,3,NA,2
"787",4,45,2,4,4,2
"788",4,72,1,8,7,2
"789",5,26,1,3,7,2
"790",3,22,2,7,7,3
"791",5,43,2,4,7,2
"792",5,48,1,7,3,3
"793",4,17,2,5,4,2
"794",3,77,2,6,2,2
"795",4,79,1,8,7,4
"796",4,19,2,6,NA,3
"797",5,73,1,6,4,2
"798",5,49,1,7,7,3
"799",3,24,1,1,3,3
"800",3,39,1,8,NA,3
"801",5,64,1,6,7,3
"802",3,35,1,6,NA,2
"803",5,37,1,5,4,2
"804",4,47,1,5,7,4
"805",5,44,2,9,1,1
"806",5,21,2,3,2,1
"807",4,23,1,3,NA,2
"808",4,33,1,5,4,1
"809",3,18,2,10,NA,2
"810",2,39,1,4,3,2
"811",6,36,2,6,3,3
"812",5,65,1,5,7,3
"813",4,42,2,7,NA,3
"814",5,72,1,7,8,3
"815",5,51,2,4,10,1
"816",6,79,1,2,8,3
"817",5,70,1,5,8,3
"818",6,35,2,4,1,1
"819",5,29,2,5,1,2
"820",2,48,1,7,7,2
"821",5,50,2,4,NA,3
"822",4,17,2,7,NA,2
"823",4,24,2,3,2,1
"824",4,38,1,6,7,3
"825",4,74,2,4,8,3
"826",4,34,1,1,8,4
"827",5,66,2,8,3,2
"828",4,28,2,7,2,1
"829",5,40,1,6,4,2
"830",5,57,1,5,2,1
"831",5,44,2,6,2,1
"832",5,38,2,1,10,2
"833",5,48,2,6,NA,2
"834",5,54,2,8,3,1
"835",5,55,1,7,7,4
"836",5,90,2,6,8,2
"837",5,63,2,4,3,1
"838",6,83,2,9,8,3
"839",5,38,2,4,7,2
"840",3,47,1,7,3,1
"841",5,17,2,9,NA,3
"842",5,NA,1,5,2,2
"843",5,50,1,5,7,2
"844",3,20,1,3,NA,3
"845",4,45,2,4,2,2
"846",4,58,1,3,3,2
"847",2,24,1,7,4,3
"848",6,33,2,8,2,1
"849",4,54,2,6,3,1
"850",5,19,2,6,NA,3
"851",5,90,1,4,8,4
"852",NA,61,1,5,7,3
"853",6,29,2,6,2,2
"854",5,60,1,6,6,2
"855",6,52,2,7,NA,2
"856",4,47,1,6,7,2
"857",5,66,1,7,4,2
"858",5,55,2,6,NA,2
"859",5,44,2,7,7,2
"860",4,29,1,5,7,2
"861",5,48,1,7,7,2
"862",4,65,1,4,3,4
"863",5,15,2,9,NA,1
"864",5,17,2,4,NA,2
"865",5,48,1,6,10,2
"866",4,52,1,6,6,1
"867",5,45,2,7,3,2
"868",3,71,1,1,8,3
"869",3,45,2,8,7,2
"870",5,28,2,9,3,3
"871",6,78,1,4,3,1
"872",5,39,2,5,7,3
"873",5,24,2,6,3,3
"874",3,16,1,8,NA,2
"875",2,55,1,5,8,3
"876",5,74,1,5,3,2
"877",5,75,1,6,7,3
"878",6,53,1,2,10,1
"879",5,42,1,6,7,2
"880",4,64,1,2,8,2
"881",5,37,2,5,7,3
"882",5,62,2,4,NA,2
"883",2,28,1,4,2,2
"884",5,46,1,3,8,4
"885",2,28,1,4,10,1
"886",6,51,1,5,7,1
"887",5,18,2,5,NA,2
"888",6,65,1,5,3,2
"889",2,19,1,5,NA,5
"890",3,43,1,7,2,2
"891",5,17,1,5,NA,3
"892",5,32,1,2,11,1
"893",5,69,1,5,6,1
"894",5,58,1,6,3,2
"895",5,44,2,8,7,3
"896",5,20,2,6,NA,2
"897",6,38,1,6,3,2
"898",4,25,1,4,NA,3
"899",5,49,1,3,3,3
"900",5,48,2,6,3,2
"901",2,23,1,5,3,2
"902",3,19,1,9,NA,4
"903",5,42,2,5,2,2
"904",5,17,2,6,NA,3
"905",5,47,2,4,3,2
"906",5,50,2,4,6,2
"907",2,19,1,5,8,5
"908",3,18,1,5,NA,3
"909",2,38,1,4,5,2
"910",6,65,1,8,8,2
"911",5,41,1,5,7,2
"912",3,44,2,5,3,3
"913",5,73,1,4,NA,3
"914",6,29,2,5,3,2
"915",5,34,2,5,NA,4
"916",5,56,1,7,5,2
"917",5,61,1,7,NA,3
"918",5,55,1,5,8,1
"919",6,55,2,3,3,2
"920",5,51,1,5,3,2
"921",4,20,1,5,10,3
"922",5,72,1,5,3,2
"923",5,31,2,6,7,2
"924",5,31,1,8,3,1
"925",5,71,2,8,2,1
"926",5,61,1,4,7,3
"927",6,38,1,5,NA,2
"928",5,58,1,6,3,2
"929",5,59,1,7,NA,2
"930",5,59,1,7,3,2
"931",1,42,1,3,3,2
"932",5,19,2,5,NA,2
"933",5,46,2,8,7,3
"934",3,66,1,6,3,3
"935",5,37,1,3,NA,3
"936",3,41,2,8,NA,2
"937",6,65,1,4,2,1
"938",5,66,1,5,3,2
"939",6,66,2,2,1,1
"940",3,32,1,6,8,3
"941",2,16,1,7,NA,2
"942",5,50,1,1,8,3
"943",4,47,1,6,3,2
"944",5,52,1,5,7,2
"945",5,49,1,0,6,2
"946",3,42,2,6,7,2
"947",6,55,2,5,2,1
"948",6,25,2,3,4,2
"949",1,21,1,6,7,5
"950",6,90,2,2,7,3
"951",6,82,1,2,7,3
"952",5,72,1,8,7,3
"953",5,27,2,6,2,1
"954",5,86,1,5,6,2
"955",4,81,2,6,8,2
"956",5,53,2,5,7,2
"957",5,58,1,5,7,4
"958",5,66,1,7,6,1
"959",3,27,2,5,3,3
"960",5,54,2,4,NA,1
"961",5,72,1,8,8,1
"962",5,79,2,6,8,2
"963",4,57,1,6,3,2
"964",6,56,2,5,7,2
"965",2,72,2,6,NA,3
"966",5,75,2,3,3,1
"967",5,71,1,5,8,2
"968",6,75,1,6,3,1
"969",3,NA,1,6,7,3
"970",5,41,1,3,8,3
"971",6,66,1,2,8,1
"972",3,58,2,2,NA,2
"973",4,80,1,8,7,3
"974",4,65,1,7,5,2
"975",5,78,2,4,3,3
"976",5,38,2,7,7,2
"977",2,16,1,NA,NA,4
"978",3,50,1,5,7,2
"979",5,69,1,8,2,1
"980",3,22,2,4,4,2
"981",4,51,1,6,5,2
"982",5,37,1,5,8,3
"983",4,26,1,7,NA,2
"984",5,75,1,4,7,3
"985",5,53,1,3,8,4
"986",3,41,2,8,10,1
"987",5,52,2,5,3,1
"988",6,64,2,5,2,1
"989",5,42,2,6,3,2
"990",5,54,2,7,3,2
"991",5,46,2,3,7,3
"992",4,66,1,7,3,1
"993",5,27,2,7,6,2
"994",5,64,1,6,5,3
"995",5,61,2,9,7,3
"996",5,60,2,6,2,2
"997",5,33,1,6,10,1
"998",5,75,1,5,8,2
"999",5,42,1,9,NA,2
"1000",4,50,1,5,NA,5
"1001",4,40,1,6,7,3
"1002",3,36,2,9,7,4
"1003",4,39,1,3,NA,3
"1004",2,49,2,5,7,2
"1005",2,17,1,6,NA,2
"1006",5,58,2,4,7,2
"1007",2,60,1,4,7,3
"1008",5,38,1,4,10,2
"1009",6,41,2,6,4,1
"1010",5,49,2,7,3,2
"1011",5,72,1,5,7,2
"1012",5,38,1,4,3,2
"1013",3,58,2,6,3,2
"1014",4,26,2,4,3,2
"1015",5,17,2,NA,NA,NA
"1016",6,48,2,3,NA,5
"1017",5,NA,2,NA,NA,2
"1018",5,49,1,6,NA,2
"1019",4,32,1,5,3,1
"1020",4,31,1,8,7,4
"1021",3,33,2,5,2,3
"1022",6,30,1,6,7,2
"1023",5,81,2,3,3,1
"1024",4,53,2,6,3,4
"1025",2,22,2,5,NA,2
"1026",5,66,2,5,NA,1
"1027",5,72,1,8,6,2
"1028",3,40,1,4,7,2
"1029",5,66,2,5,6,1
"1030",2,39,2,7,3,2
"1031",5,73,2,7,3,2
"1032",5,63,2,8,NA,2
"1033",4,16,1,8,NA,2
"1034",5,42,2,5,2,2
"1035",5,25,1,5,6,3
"1036",3,35,2,6,4,3
"1037",1,43,1,10,3,NA
"1038",3,37,1,0,NA,2
"1039",5,57,1,4,3,2
"1040",4,47,1,7,3,2
"1041",5,62,2,8,8,1
"1042",4,37,2,7,3,3
"1043",6,58,2,5,2,1
"1044",3,22,1,5,7,3
"1045",6,48,1,7,7,2
"1046",5,21,2,6,2,1
"1047",5,31,2,5,3,1
"1048",5,58,2,4,3,2
"1049",5,50,1,7,3,2
"1050",NA,53,1,7,3,4
"1051",5,69,1,4,3,1
"1052",5,22,2,7,3,3
"1053",5,58,2,0,3,1
"1054",5,59,1,2,5,2
"1055",4,40,1,6,4,1
"1056",5,15,2,6,NA,2
"1057",5,81,1,4,3,2
"1058",4,19,1,4,NA,3
"1059",4,37,1,6,7,3
"1060",4,29,2,7,NA,2
"1061",6,75,1,5,3,2
"1062",5,35,1,5,4,1
"1063",5,38,2,7,2,1
"1064",3,27,1,2,NA,2
"1065",1,21,1,3,7,4
"1066",6,NA,1,0,6,1
"1067",6,59,2,7,7,3
"1068",5,53,2,8,3,3
"1069",5,64,1,6,5,3
"1070",5,45,1,4,3,2
"1071",4,30,1,1,10,1
"1072",5,44,2,7,3,1
"1073",4,28,2,4,10,3
"1074",5,61,2,7,5,2
"1075",1,20,1,10,3,2
"1076",4,51,1,7,2,1
"1077",5,51,2,5,7,3
"1078",5,73,1,5,3,1
"1079",4,63,2,8,11,1
"1080",5,75,1,6,NA,3
"1081",4,29,2,5,4,2
"1082",5,75,1,3,6,NA
"1083",5,57,2,6,3,2
"1084",5,30,2,4,8,1
"1085",5,52,2,7,NA,3
"1086",2,38,1,8,7,4
"1087",4,17,1,7,NA,2
"1088",3,46,2,8,NA,2
"1089",5,60,2,7,6,3
"1090",5,70,2,5,5,2
"1091",5,48,2,6,5,3
"1092",5,62,1,4,3,2
"1093",5,36,1,0,8,4
"1094",1,23,1,4,7,2
"1095",6,62,2,9,7,2
"1096",6,63,2,9,8,3
"1097",5,53,1,5,6,2
"1098",6,69,1,6,7,4
"1099",4,56,1,6,7,3
"1100",4,NA,1,5,8,2
"1101",5,51,2,8,1,3
"1102",3,40,1,4,4,2
"1103",4,63,1,8,3,2
"1104",4,48,1,4,5,2
"1105",5,55,2,5,7,1
"1106",6,77,2,8,2,1
"1107",5,35,2,6,10,2
"1108",5,26,1,2,7,3
"1109",4,18,2,5,NA,3
"1110",3,17,2,6,NA,3
"1111",5,70,1,8,8,2
"1112",5,46,1,7,1,1
"1113",3,40,2,6,4,2
"1114",5,48,2,7,3,2
"1115",3,20,2,3,3,4
"1116",5,64,1,5,7,3
"1117",6,60,1,3,6,1
"1118",5,32,2,5,3,2
"1119",5,36,1,3,7,1
"1120",5,44,1,7,7,2
"1121",4,31,2,9,NA,3
"1122",5,54,1,5,6,2
"1123",4,36,1,5,3,1
"1124",5,40,2,6,3,2
"1125",5,56,1,6,7,2
"1126",3,64,1,4,NA,1
"1127",5,58,2,8,3,1
"1128",5,66,1,6,7,2
"1129",5,53,1,3,10,1
"1130",3,56,1,7,7,2
"1131",1,38,1,6,NA,1
"1132",3,50,1,5,7,3
"1133",5,25,2,5,8,2
"1134",5,43,1,3,7,2
"1135",5,34,2,3,6,2
"1136",5,50,1,6,4,4
"1137",5,47,1,5,8,5
"1138",5,75,1,6,2,1
"1139",5,19,2,6,NA,3
"1140",6,58,1,6,8,2
"1141",2,45,1,3,NA,3
"1142",4,26,1,5,11,2
"1143",5,56,2,2,10,1
"1144",5,66,2,0,3,2
"1145",5,36,1,NA,NA,2
"1146",5,57,2,5,5,2
"1147",5,65,1,4,7,2
"1148",6,46,2,5,1,1
"1149",4,28,1,5,8,4
"1150",5,28,2,6,2,1
"1151",5,52,1,0,8,2
"1152",5,73,1,4,3,1
"1153",5,45,1,5,5,4
"1154",6,54,1,5,7,4
"1155",5,44,1,7,3,1
"1156",4,39,1,5,NA,2
"1157",5,70,2,6,6,2
"1158",3,19,1,8,NA,3
"1159",4,47,1,7,7,4
"1160",4,25,1,6,3,2
"1161",5,67,2,5,NA,1
"1162",4,20,1,6,3,4
"1163",5,NA,1,7,NA,1
"1164",3,29,1,6,7,4
"1165",4,29,2,5,10,2
"1166",5,59,1,6,3,2
"1167",5,24,1,6,1,2
"1168",5,66,2,5,NA,3
"1169",5,60,2,3,NA,2
"1170",3,38,1,6,7,4
"1171",6,66,2,8,7,3
"1172",3,50,2,6,5,1
"1173",3,35,2,6,4,2
"1174",4,60,2,3,2,1
"1175",5,54,1,6,NA,1
"1176",5,60,2,8,NA,5
"1177",6,58,1,5,8,3
"1178",6,49,1,7,1,1
"1179",5,17,2,3,NA,3
"1180",4,32,2,0,3,1
"1181",5,53,2,5,7,2
"1182",5,69,1,5,7,3
"1183",5,39,2,5,7,2
"1184",3,25,2,6,10,3
"1185",3,23,1,6,NA,4
"1186",2,56,2,7,7,3
"1187",3,29,1,6,8,2
"1188",5,63,2,3,2,2
"1189",2,30,2,2,NA,4
"1190",3,17,2,7,NA,3
"1191",2,45,1,9,NA,4
"1192",5,69,2,5,6,2
"1193",5,49,2,0,1,1
"1194",5,77,1,8,NA,2
"1195",5,45,2,6,5,2
"1196",5,51,2,6,7,1
"1197",1,22,1,2,7,4
"1198",3,19,2,6,NA,2
"1199",5,29,2,4,2,1
"1200",5,61,1,2,NA,2
"1201",5,67,2,8,3,1
"1202",5,29,2,5,10,2
"1203",6,75,2,1,3,1
"1204",4,46,1,5,7,4
"1205",3,16,2,7,NA,2
"1206",4,77,2,7,7,2
"1207",5,70,1,5,7,2
"1208",5,39,2,6,2,1
"1209",4,26,1,5,7,2
"1210",4,87,1,9,7,2
"1211",6,77,1,3,3,1
"1212",6,32,2,5,NA,3
"1213",3,16,1,5,NA,3
"1214",5,49,2,6,6,1
"1215",5,51,1,6,3,2
"1216",5,63,2,5,3,2
"1217",5,22,1,5,NA,4
"1218",5,67,1,6,3,2
"1219",4,74,2,5,NA,1
"1220",5,23,1,4,5,3
"1221",5,68,1,7,2,2
"1222",5,27,1,2,6,1
"1223",4,43,1,7,3,2
"1224",3,35,2,6,NA,2
"1225",5,55,2,6,7,2
"1226",5,45,2,8,7,3
"1227",3,75,2,6,7,2
"1228",2,21,1,8,3,2
"1229",5,43,1,5,6,2
"1230",5,22,1,4,NA,4
"1231",5,73,1,6,3,1
"1232",5,49,2,6,3,2
"1233",5,78,2,5,NA,3
"1234",6,66,1,3,7,2
"1235",5,74,1,2,NA,3
"1236",5,37,1,8,NA,2
"1237",2,72,2,5,10,4
"1238",4,26,1,2,NA,4
"1239",5,64,1,6,3,2
"1240",5,71,2,7,2,1
"1241",6,63,2,3,2,1
"1242",2,34,1,4,3,1
"1243",5,71,1,7,4,2
"1244",5,35,2,2,3,1
"1245",5,55,1,2,5,1
"1246",4,57,2,6,7,2
"1247",5,62,1,7,3,2
"1248",6,73,1,8,3,4
"1249",5,43,1,5,NA,1
"1250",5,64,1,7,3,2
"1251",5,NA,2,5,NA,3
"1252",3,40,1,5,NA,3
"1253",5,48,2,4,2,4
"1254",5,22,2,5,3,3
"1255",5,50,2,4,3,4
"1256",6,82,1,9,3,2
"1257",5,47,2,6,7,1
"1258",5,65,2,7,7,2
"1259",3,55,1,7,7,3
"1260",5,59,2,3,6,1
"1261",5,55,2,6,3,2
"1262",3,22,1,7,3,2
"1263",3,16,2,7,NA,3
"1264",4,28,2,7,7,2
"1265",6,65,1,4,3,2
"1266",6,67,1,7,3,1
"1267",5,55,1,5,4,4
"1268",5,69,1,7,NA,4
"1269",5,43,1,2,3,1
"1270",5,79,1,5,7,2
"1271",5,69,1,4,6,1
"1272",4,58,1,0,7,3
"1273",5,40,2,6,7,4
"1274",3,36,2,5,8,3
"1275",5,60,1,1,8,2
"1276",4,33,2,8,6,1
"1277",5,75,2,6,7,4
"1278",3,22,2,6,NA,3
"1279",5,51,2,3,3,2
"1280",4,34,1,7,7,3
"1281",5,53,2,4,7,3
"1282",5,54,2,7,7,3
"1283",5,46,1,5,3,4
"1284",3,NA,1,5,7,4
"1285",5,26,1,3,6,3
"1286",5,63,1,2,7,4
"1287",5,56,2,3,NA,3
"1288",6,35,2,3,7,2
"1289",4,33,2,3,7,1
"1290",2,27,2,7,7,3
"1291",2,17,1,5,NA,3
"1292",5,40,2,5,3,1
"1293",4,32,2,4,3,2
"1294",5,NA,2,3,2,1
"1295",6,NA,1,NA,NA,NA
"1296",6,27,1,1,NA,3
"1297",6,39,2,3,1,1
"1298",5,NA,1,7,11,2
"1299",5,30,2,5,2,2
"1300",5,38,1,9,2,1
"1301",4,62,2,4,3,2
"1302",5,28,2,4,3,2
"1303",6,61,2,8,3,3
"1304",3,34,2,5,8,3
"1305",4,49,1,6,7,2
"1306",5,39,1,3,4,2
"1307",5,24,1,5,NA,2
"1308",5,47,2,5,3,1
"1309",5,76,1,6,3,1
"1310",6,57,1,5,NA,1
"1311",5,33,1,3,4,3
"1312",5,22,2,6,2,3
"1313",4,58,1,7,7,3
"1314",5,75,1,7,3,2
"1315",6,32,1,4,NA,3
"1316",4,74,1,6,7,3
"1317",5,NA,1,7,3,3
"1318",5,52,1,6,3,2
"1319",4,52,1,4,7,4
"1320",5,26,2,5,5,1
"1321",5,35,2,6,3,2
"1322",5,46,1,6,6,2
"1323",5,64,1,5,7,3
"1324",5,30,1,5,10,2
"1325",4,59,1,8,7,4
"1326",4,54,1,2,8,4
"1327",6,57,2,5,7,1
"1328",5,59,1,2,3,1
"1329",5,18,2,5,NA,2
"1330",5,48,1,6,7,4
"1331",5,58,1,8,3,2
"1332",6,73,2,6,5,2
"1333",5,74,2,3,7,1
"1334",5,33,2,5,7,3
"1335",6,33,2,3,10,1
"1336",5,40,2,5,NA,2
"1337",5,78,2,7,3,2
"1338",5,41,2,7,8,2
"1339",5,60,2,5,7,1
"1340",5,30,1,5,8,2
"1341",5,50,1,5,NA,2
"1342",5,27,2,8,7,1
"1343",4,33,1,8,3,2
"1344",6,71,1,5,6,2
"1345",4,23,2,7,4,2
"1346",2,68,1,3,3,1
"1347",3,21,2,6,4,2
"1348",5,34,1,3,2,2
"1349",5,68,2,8,3,1
"1350",5,77,2,4,2,3
"1351",5,72,1,4,3,2
"1352",6,15,2,7,NA,2
"1353",5,45,1,6,8,2
"1354",4,87,1,7,7,2
"1355",5,49,2,6,5,3
"1356",3,33,1,7,NA,4
"1357",6,72,2,3,3,1
"1358",5,54,2,3,7,2
"1359",5,47,1,2,6,2
"1360",5,40,1,3,6,2
"1361",5,49,1,5,3,2
"1362",5,46,1,2,6,1
"1363",6,80,2,5,7,2
"1364",6,NA,1,5,1,5
"1365",5,47,2,6,NA,4
"1366",5,56,2,5,3,1
"1367",5,18,2,6,NA,1
"1368",4,45,1,6,7,2
"1369",6,69,2,3,7,1
"1370",3,53,1,6,8,3
"1371",4,72,2,4,3,1
"1372",5,49,2,7,3,1
"1373",5,74,1,5,2,2
"1374",4,43,2,7,3,2
"1375",3,70,2,5,3,1
"1376",5,76,2,6,7,3
"1377",5,26,2,5,7,3
"1378",6,80,2,5,3,1
"1379",5,47,2,4,8,1
"1380",4,49,1,7,7,2
"1381",4,39,1,2,1,1
"1382",5,73,1,7,7,2
"1383",5,64,2,5,3,3
"1384",5,43,1,6,2,1
"1385",4,75,1,6,7,2
"1386",4,55,1,4,7,4
"1387",4,46,1,6,7,2
"1388",4,29,1,7,NA,1
"1389",6,51,2,6,3,1
"1390",5,77,1,7,3,1
"1391",5,78,1,4,3,1
"1392",5,26,1,2,11,4
"1393",4,48,1,6,7,2
"1394",5,27,1,7,3,2
"1395",2,24,2,6,7,2
"1396",2,24,2,5,3,2
"1397",3,54,1,7,NA,1
"1398",5,51,1,6,3,1
"1399",3,18,1,7,NA,3
"1400",5,60,2,6,3,1
"1401",5,64,1,2,6,2
"1402",4,16,2,9,NA,2
"1403",4,24,2,3,10,1
"1404",3,35,1,6,3,3
"1405",3,45,2,8,NA,2
"1406",5,30,2,5,5,2
