"gdp","population","dem_status"
19291104007.8299,38041754,"NF"
15279183289.9372,2854191,"PF"
171091289782.245,43053054,"NF"
3154057987.23833,77142,"F"
88815697793.303,31825295,"NF"
1661962962.96296,97118,"F"
445445177459.426,44938712,"F"
13672802157.8324,2957731,"PF"
1396567014733.23,25365745,"F"
445075391688.156,8879920,"F"
48047647058.8235,10024283,"NF"
13578800000,389482,"F"
38574069148.9362,1641172,"NF"
302571254131.135,163046161,"PF"
5.209e+09,287025,"F"
63080457022.6599,9417849,"NF"
533097455834.509,11502704,"F"
1879613600,390353,"F"
14390709094.9386,11801151,"PF"
2530547157.56678,763092,"PF"
40895322843.7851,11513100,"PF"
20164193806.88,3301000,"PF"
18340480936.0444,2303697,"F"
1839758040765.62,211049527,"F"
13469422958.5105,433285,"NF"
68558815111.6199,6975761,"F"
15990803569.9961,20321378,"PF"
3012334881.64057,11530580,"NF"
1981845740.35828,549935,"F"
27089389786.979,16486542,"NF"
39007354359.2798,25876380,"NF"
1736425629519.96,37593384,"F"
2220307368.69593,4745185,"NF"
11314951342.7807,15946876,"NF"
282318159744.65,18952038,"F"
14279937467431,1397715000,"NF"
323615979418.651,50339443,"PF"
1165839927.06327,850886,"PF"
12267392146.5888,5380508,"NF"
50400746171.4239,86790567,"NF"
61801385049.0716,5047561,"F"
58539424929.7248,25716544,"PF"
60752588976.3175,4065253,"F"
NA,11333483,"NF"
24948935408.0376,1198575,"F"
250680504529.647,10671870,"F"
350104327658.675,5814422,"F"
3324634256.13324,973560,"NF"
582403703.703704,71808,"F"
88941299734.2073,10738958,"PF"
107435665000,17373662,"PF"
303092255125.285,100388073,"NF"
27022640000,6453553,"PF"
11026774945.3415,1355986,"NF"
NA,NA,"NF"
31471100656.2431,1326898,"F"
4471598726.6436,1148130,"NF"
95912590628.1412,112078730,"NF"
5496250694.31587,889953,"PF"
269296310180.392,5521606,"F"
2715518274227.45,67055854,"F"
16874450215.1351,2172579,"NF"
NA,4685306,"NF"
17477255545.6705,3720161,"PF"
3861123558039.21,83092962,"F"
66983634223.943,30417856,"F"
209852761132.839,10717169,"F"
1210603703.7037,112003,"F"
76710355347.0968,16604026,"PF"
12296665331.192,12771246,"PF"
1339449165.48759,1920922,"PF"
5173759527.57794,782766,"F"
14332163266.3977,11263077,"PF"
25095395475.0393,9746117,"PF"
365711532816.907,7507400,"PF"
163469042867.956,9771141,"PF"
24188038473.5438,360563,"F"
2868929415617.02,1366417754,"F"
2868929415617.02,1366417754,"NF"
1119190780752.8,270625568,"PF"
NA,82913906,"NF"
234094042938.917,39309783,"NF"
388698711348.156,4934040,"F"
394652210295.849,9054000,"F"
2003576145498.04,60302093,"F"
16458071067.8176,2948279,"F"
5081769542379.77,126264931,"F"
44502895861.6837,10101694,"PF"
181665908556.499,18513673,"NF"
95503088538.092,52573973,"PF"
194647201.946472,117606,"F"
134628542746.97,4207083,"PF"
8454619607.81795,6456200,"PF"
18173839147.4011,7169455,"NF"
34102913582.4235,1913822,"F"
51991634491.6345,6855713,"PF"
2376328637.26318,2125268,"PF"
3070518100,4937374,"PF"
52091152228.3425,6777452,"NF"
NA,38019,"F"
54627411860.4705,2794137,"F"
71104919108.1411,620001,"F"
14114631280.6774,26969307,"PF"
7666704427.00915,18628747,"PF"
364681367531.684,31949777,"PF"
5642179170.45898,530953,"PF"
17279566718.6087,19658031,"PF"
14989415684.1203,504062,"F"
NA,58791,"F"
7600656943.97506,4525696,"PF"
14048430518.5561,1265711,"F"
1268870527160.03,127575529,"PF"
11968713370.4969,2663251,"PF"
NA,38964,"F"
13996719329.4097,3225167,"F"
5542577964.98146,622028,"PF"
119700325461.938,36471769,"PF"
15291448211.603,30366036,"PF"
76085852617.1371,54045420,"NF"
12366528259.1844,2494530,"F"
118223430.124446,12581,"F"
30641380603.9699,28608710,"PF"
907050863145.097,17344874,"F"
206928765543.935,4979300,"F"
12520915291.1837,6545502,"NF"
12911689659.351,23310715,"PF"
448120428858.769,200963599,"PF"
NA,25666161,"NF"
12547040498.9077,2083459,"PF"
24948935408.0376,1198575,"F"
403336363636.364,5347896,"F"
76331518668.5771,4974986,"NF"
278221906022.841,216565318,"PF"
278221906022.841,216565318,"NF"
268354919.433594,18008,"F"
66800800000,4246439,"F"
24829107011.0701,8776109,"PF"
38145288939.8488,7044636,"PF"
226848050819.525,32510453,"F"
376795508678.853,108116615,"PF"
595858207011.512,37965475,"F"
238785085030.988,10286263,"F"
175837550996.185,2832067,"NF"
250077444017.084,19366221,"F"
1699876578871.35,144406261,"NF"
10354417725.1555,12626950,"NF"
852250190.985485,197097,"F"
NA,33860,"F"
418637388.988052,215056,"F"
792966838161.659,34268528,"NF"
23578084052.0147,16296364,"PF"
51475016532.1293,6945235,"PF"
1703387387.32319,97625,"PF"
4121733705.29165,7813215,"PF"
372062527488.638,5703569,"PF"
105079673009.733,5454147,"F"
54174227308.8862,2088385,"F"
1589913622.23799,669823,"F"
4942319040.69958,15442905,"NF"
351431649241.439,58558267,"F"
1646739219509.89,51709098,"F"
NA,11062113,"NF"
1393490524517.64,47133521,"F"
84008783756.068,21803000,"PF"
1053244444.44444,52834,"F"
2122450629.62963,182790,"F"
824718518.518518,110589,"F"
30513456084.7961,42813238,"NF"
3697371949.58434,581363,"F"
530883869004.977,10278887,"F"
703082435158.864,8575280,"F"
NA,17070135,"NF"
NA,NA,"F"
8116626794.25837,9321018,"NF"
63177068174.549,58005463,"PF"
543548969968.693,69625582,"PF"
1826073739.82522,2347706,"PF"
2017924900,1293119,"F"
5490272413.38702,8082366,"PF"
512350059.421629,104494,"F"
24269714809.9078,1394973,"F"
38796687568.157,11694719,"F"
761425499358.159,83429615,"NF"
NA,5942089,"NF"
47271463.3298575,11646,"F"
35165157016.9125,44269594,"NF"
153781069118.148,44386203,"PF"
421142267937.65,9770529,"NF"
2829108219165.8,66836327,"F"
2.1433226e+13,328239523,"F"
56045912952.9732,3461734,"F"
57921286440.3495,33580350,"NF"
934239973.812573,299882,"F"
NA,28515829,"NF"
261921244843.172,96462106,"NF"
NA,4685306,"NF"
NA,NA,"NF"
22581081993.945,29161922,"NF"
23309773922.7582,17861030,"PF"
21440758800,14645468,"PF"
18353881129.881,37172386,"NF"
15147020535.3869,2866376,"PF"
175405660377.358,42228429,"NF"
3218316013.22626,77006,"F"
101353230784.594,30809762,"NF"
1605351851.85185,96286,"F"
517626700412.718,44494502,"F"
12457941907.0333,2951776,"PF"
1432881172002.17,24982688,"F"
455094861902.062,8840521,"F"
47112941176.4706,9939771,"NF"
13022100000,385640,"F"
37652500000,1569439,"NF"
274039092455.306,161356039,"PF"
5086500000,286641,"F"
60031262269.3365,9483499,"NF"
543734366831.215,11427054,"F"
1871200000,383071,"F"
14250985958.6727,11485048,"F"
2446866404.93058,754394,"PF"
40287647930.4761,11353142,"PF"
20183510561.2553,3323929,"PF"
18663265549.0196,2254126,"F"
1885482534238.33,209469333,"F"
13567351175.0315,428962,"NF"
66230155099.5775,7025037,"F"
16059910870.6239,19751535,"PF"
3036931818.18182,11175378,"NF"
1966983316.56524,543767,"F"
24571753583.4922,16249798,"NF"
38694156862.9922,25216237,"NF"
1716262621082.22,37065178,"F"
2220978978.17342,4666377,"NF"
11239167048.4916,15477751,"NF"
298258019275.049,18729160,"F"
13894817549374.2,1392730000,"NF"
333568923004.469,49661056,"PF"
1178530757.72328,832322,"PF"
13518403446.9566,5244363,"NF"
46831342212.5473,84068091,"NF"
60553901420.085,4999441,"F"
58011466450.8643,25069229,"PF"
61375222347.0256,4087843,"F"
1.00023e+11,11338138,"NF"
25309818138.8758,1189265,"F"
248908731817.502,10629928,"F"
356879499797.896,5793636,"F"
3012820409.63313,958920,"NF"
551074074.074074,71625,"F"
85555378043.7999,10627165,"PF"
107562008000,17084357,"PF"
249712999437.254,98423595,"NF"
26117400000,6420744,"F"
13278488567.3058,1308974,"NF"
NA,NA,"NF"
30631142226.8533,1321977,"F"
4665424249.06156,1136191,"NF"
84269348327.3454,109224559,"NF"
5581393120.62853,883483,"PF"
275946554578.823,5515525,"F"
2787863958885.49,66965912,"F"
16862282413.8778,2119275,"NF"
16276600000,4569087,"NF"
17599700090.762,3726549,"PF"
3963767526250.98,82905782,"F"
65556464048.1539,29767108,"F"
218138367208.799,10732882,"F"
1168696296.2963,111454,"F"
73118147941.2704,16346950,"PF"
10907214993.5687,12414318,"PF"
1458868241.85588,1874309,"PF"
4787635821.28928,779004,"F"
15965670198.4548,11123176,"PF"
24024189735.8876,9587522,"PF"
361696880780.762,7451000,"PF"
160418835850.907,9775564,"PF"
25737594324.022,352721,"F"
2713165057513.35,1352617328,"F"
2713165057513.35,1352617328,"PF"
1042240309412.58,267663435,"PF"
453996479250.212,81800269,"NF"
224228010473.773,38433600,"NF"
382674360648.245,4867316,"F"
370587977125.732,8882800,"F"
2091544955092.31,60421760,"F"
15713908816.1463,2934855,"F"
4954806619995.19,126529100,"F"
42932112676.0563,9956011,"PF"
179339994859.384,18276452,"NF"
87778582964.1388,51393010,"PF"
196737895.995218,115847,"F"
140645364238.411,4137312,"PF"
8271108638.39931,6322800,"PF"
17953786416.1431,7061507,"NF"
34416012859.1866,1927174,"F"
54961275741.5589,6848925,"PF"
2575892261.54044,2108132,"PF"
3.264e+09,4818977,"PF"
52607888717.9487,6678567,"NF"
6876981286.43011,37910,"F"
53722883091.3513,2801543,"F"
70919958015.5247,607950,"F"
13853433947.6241,26262368,"PF"
6917301908.62757,18143315,"PF"
358715057123.739,31528585,"PF"
5299773145.08744,515696,"PF"
17070758732.1991,19077690,"PF"
14750790658.4025,484630,"F"
221278000,58413,"F"
7049169770.86399,4403319,"NF"
14181951058.5129,1265303,"F"
1222348807283.2,126190788,"PF"
11456717193.2501,2708214,"PF"
7188238072.74445,38682,"F"
13108769495.7425,3170208,"F"
5504255213.57871,622227,"PF"
118096227400.092,36029138,"PF"
14845870050.7092,29495962,"PF"
76168043981.5932,53708395,"PF"
13454211343.5949,2448255,"F"
124021393.690412,12704,"F"
29173513475.7073,28087871,"PF"
914043438179.607,17231624,"F"
207920613961.749,4900600,"F"
13063904770.3561,6465513,"NF"
12846952856.8458,22442948,"PF"
397190484464.308,195874740,"PF"
NA,25549819,"NF"
12683073866.1105,2082958,"PF"
25309818138.8758,1189265,"F"
434166615431.909,5311916,"F"
79788768968.949,4829483,"NF"
314567541558.339,212215030,"PF"
314567541558.339,212215030,"NF"
280435700,17907,"F"
65128200000,4176873,"F"
24109509856.1866,8606316,"PF"
40384691790.5685,6956071,"PF"
222044970486.217,31989256,"F"
346841896890.281,106651922,"PF"
587411745161.558,37974750,"F"
242313116577.967,10283822,"F"
183334953813.209,2781677,"NF"
241457403085.042,19472545,"F"
1669583089322.96,144477859,"NF"
9635951159.79293,12301939,"NF"
821496064.526185,196130,"F"
1655300872.53427,33785,"F"
412261829.648576,211028,"F"
786521831571.957,33699947,"NF"
23236007428.2582,15854360,"F"
50640650221.4622,6982604,"PF"
1586008999.74841,96762,"PF"
4085114794.22324,7650154,"PF"
373217081850.534,5638676,"PF"
105701930962.982,5446771,"F"
54161636034.6517,2073894,"F"
1593964162.21314,652858,"F"
4720727278.18833,15008154,"NF"
368288939768.322,57792520,"F"
1724845615629.26,51606633,"F"
NA,10975920,"NF"
1422153839840.78,46797754,"F"
88425889592.1519,21670000,"PF"
1010822222.22222,52438,"F"
2065875074.07407,181889,"F"
811300000,110210,"F"
33128480498.7296,41801533,"NF"
3464656616.41541,575987,"F"
555455371487.089,10175214,"F"
705140620046.7,8514329,"F"
NA,16906283,"NF"
NA,NA,"F"
7522947810.12326,9100837,"NF"
58001200572.3965,56318348,"PF"
506514103905.268,69428524,"NF"
1670670668.5939,2280102,"PF"
1559894900,1267972,"F"
5364369025.63973,7889094,"PF"
489235527.395387,103197,"F"
23808146747.7994,1389858,"F"
39770297328.9509,11565204,"F"
778381859840.942,82319724,"NF"
40761142857.1429,5850908,"NF"
42588164.9731022,11508,"F"
32916147253.2718,42723139,"NF"
130901858421.72,44622518,"PF"
422215043584.969,9630959,"NF"
2860667727551.97,66460344,"F"
20580159776000,326687501,"F"
59596885024.3487,3449299,"F"
50392607758.2324,32956100,"NF"
914700508.22242,292680,"F"
NA,28870195,"NF"
245213686369.157,95540395,"NF"
16276600000,4569087,"NF"
NA,NA,"NF"
23486270352.3327,28498687,"NF"
26312140828.64,17351822,"PF"
24311560500,14439018,"PF"
18869945677.9599,36296400,"NF"
13019693450.8816,2873457,"PF"
170163165960.516,41389198,"NF"
3000180750.11297,77001,"F"
122123822333.59,29816748,"NF"
1467977777.77778,95426,"F"
643628665302.668,44044811,"F"
11527458565.7334,2944809,"PF"
1329188475752.32,24601860,"F"
417237869115.93,8797566,"F"
40865558912.3867,9854033,"NF"
12490700000,381761,"F"
35473776595.7447,1494074,"NF"
249711027660.253,159670593,"PF"
4.978e+09,286233,"F"
54726595249.1849,9498264,"NF"
502698069366.942,11375158,"F"
1836600000,375769,"F"
12701656930.6889,11175204,"F"
2450364928.07302,745568,"PF"
37508642165.3366,11192854,"PF"
18080118128.3854,3351527,"PF"
17405588070.4332,2205128,"F"
2062831045935.95,207833831,"F"
12128104859.1498,424473,"NF"
58971520599.2509,7075947,"F"
14106956830.0857,19193284,"PF"
3172292379.36329,10827024,"NF"
1769787215.14611,537497,"F"
22177200511.5811,16009414,"NF"
35009262788.15,24566045,"NF"
1649878054226.82,36545295,"F"
2072350151.13061,4596028,"NF"
10000395242.1457,15016773,"NF"
277044950259.009,18470439,"F"
12310409370892.8,1386395000,"NF"
311883730690.129,48909844,"PF"
1077439662.5798,813892,"PF"
11198674674.3816,5110702,"NF"
38019265625.8845,81398764,"NF"
58481858042.5721,4949954,"F"
51588158717.5348,24437469,"PF"
55481644098.0495,4124531,"F"
9.6851e+10,11339259,"NF"
22729184365.1152,1179680,"F"
218628940951.675,10594438,"F"
332121063806.391,5764980,"F"
2751461055.59307,944097,"NF"
519837037.037037,71458,"F"
79997975622.7604,10513131,"PF"
104295862000,16785361,"PF"
235733695652.174,96442593,"NF"
24979200000,6388122,"F"
12200914929.5961,1262001,"NF"
NA,NA,"NF"
26951648828.5789,1317384,"F"
4402972999.53486,1124753,"NF"
81770791970.982,106400024,"NF"
5353404418.66413,877459,"PF"
255232257243.53,5508214,"F"
2595151045197.65,66864379,"F"
14929488770.7315,2064823,"NF"
1.6128e+10,4454805,"NF"
16242916915.7203,3728004,"PF"
3682602479929.42,82657002,"F"
58998132329.6173,29121471,"F"
203588424740.3,10754679,"F"
1125685185.18519,110874,"F"
71612352644.9734,16087418,"PF"
10324668266.5921,12067539,"PF"
1350177127.5523,1828146,"PF"
4748174334.14044,775221,"F"
14213814582.7938,10982366,"PF"
23136232229.6069,9429013,"PF"
341244161576.759,7391700,"PF"
142961605733.026,9787966,"F"
24488176540.5908,343400,"F"
2652754685834.59,1338658835,"F"
2652754685834.59,1338658835,"PF"
1015618742565.81,264645886,"PF"
445345256459.105,80673951,"NF"
195473049873.096,37552781,"NF"
335663113507.851,4807388,"F"
353253406982.751,8713300,"F"
1961796197354.36,60536709,"F"
14806340821.0871,2920853,"F"
4866864409657.68,126785797,"F"
41408960786.8028,9779173,"PF"
166805800595.704,18037776,"NF"
78965004656.1823,50221473,"PF"
187276210.91355,114158,"F"
120707220573.689,4056099,"PF"
7702934800.12836,6198200,"PF"
16853087485.4118,6953035,"NF"
30458763245.5118,1942248,"F"
53140638269.1211,6811873,"PF"
2405289384.40985,2091412,"PF"
3285455000,4702228,"PF"
37883243650.452,6580724,"NF"
6552858738.70214,37800,"F"
47758736931.7801,2828403,"F"
64181944722.7283,596336,"F"
13176313233.1978,25570540,"PF"
6303292264.18905,17670260,"PF"
319112136545.438,31105028,"PF"
4754352301.4104,496402,"PF"
15365627045.0866,18512394,"PF"
13146963159.1185,467999,"F"
212881000,58058,"F"
6758390728.71734,4282574,"NF"
13259351418.4459,1264613,"F"
1158913035796.37,124777324,"PF"
9669759987.02633,2755158,"PF"
6431314957.07185,38392,"F"
11425755279.5395,3113779,"F"
4844606145.7683,622373,"PF"
109682728023.112,35581294,"PF"
13219084261.3664,28649007,"PF"
68945867477.6054,53382581,"PF"
12741746523.8632,2402603,"F"
109585941.624557,12876,"F"
25180583770.2719,27627124,"PF"
833869641687.06,17131296,"F"
205415864857.984,4813600,"F"
13785909906.1925,6384855,"PF"
11189541083.3975,21602472,"PF"
375746469538.666,190873311,"PF"
NA,25429985,"NF"
11307058382.3435,2081996,"PF"
22729184365.1152,1179680,"F"
398393955268.99,5276968,"F"
70598026282.7982,4665935,"NF"
304567253219.097,207896686,"PF"
304567253219.097,207896686,"NF"
286106800,17808,"F"
6.2219e+10,4106771,"F"
22742613549.3956,8438029,"PF"
39008900331.6733,6867062,"PF"
211007207483.515,31444297,"F"
328480738147.216,105173264,"PF"
526508877305.321,37974826,"F"
221357874718.93,10300300,"F"
161099122215.307,2724724,"NF"
211695422578.655,19587290,"F"
1574199387070.9,144496739,"NF"
9253098954.27769,11980937,"NF"
832153612.557186,195352,"F"
1528630707.49794,33671,"F"
375614556.382313,207089,"F"
688586244286.512,33099147,"NF"
20996564751.5994,15419381,"F"
44179055279.8887,7020858,"F"
1524486800.36049,95843,"PF"
3739577973.23943,7488431,"PF"
341863349989.138,5612253,"PF"
95494424978.5166,5439232,"F"
48586603447.6954,2066388,"F"
1483758906.61054,636038,"F"
4508845348.32722,14589119,"NF"
349554116683.818,57009751,"F"
1623901496835.79,51361911,"F"
NA,10910759,"NF"
1312539279462.36,46593236,"F"
87428125557.573,21444000,"PF"
996944444.444444,52036,"F"
1999090407.40741,180955,"F"
792177777.777778,109827,"F"
45021077955.328,40813396,"NF"
3216207914.31281,570501,"F"
541018749769.097,10057698,"F"
679950481622.843,8451840,"F"
NA,17068002,"NF"
NA,NA,"F"
7157865188.25222,8880268,"NF"
53320625958.5628,54663906,"PF"
456294704152.647,69209858,"NF"
1504909753.28746,2213894,"PF"
1599338100,1243261,"F"
4819949975.26077,7698475,"PF"
460379144.989821,101998,"F"
22474828527.1775,1384072,"F"
39802430354.6334,11433443,"F"
858988610574.035,81101892,"NF"
37926285714.2857,5757669,"NF"
40619251.9926426,11370,"F"
30756466548.0543,41162465,"PF"
112190355158.178,44831135,"PF"
385605506854.881,9487203,"NF"
2666229179958.01,66058859,"F"
19519353692000,324985539,"F"
59530088537.3307,3436646,"F"
59159945320.5667,32388600,"NF"
880043553.748442,285510,"F"
NA,29390409,"NF"
223779865815.183,94596642,"NF"
1.6128e+10,4454805,"NF"
NA,NA,"NF"
26736139802.004,27834821,"NF"
25868165344.8185,16853688,"PF"
22040902300,14236745,"NF"
18017749073.9033,35383128,"NF"
11861200797.4706,2876101,"PF"
159994837855.12,40551404,"NF"
2896679211.86628,77297,"F"
101123851090.455,28842484,"NF"
1436585185.18519,94527,"F"
557531376217.967,43590368,"F"
10546135160.031,2936146,"PF"
1208846993739.99,24190907,"F"
395568644341.038,8736668,"F"
37867518957.1975,9757812,"NF"
11928500000,377931,"F"
32234973404.2553,1425791,"NF"
221415188000.475,157970840,"PF"
4.83e+09,285796,"F"
47722657820.6675,9501534,"NF"
475739588764.759,11331422,"F"
1775100000,368400,"F"
11821066152.5979,10872067,"F"
2158972129.00307,736709,"PF"
33941126200.0606,11031813,"PF"
16913330693.9653,3386267,"PF"
15646354089.458,2159944,"F"
1795700168991.49,206163058,"F"
11400854267.7188,419800,"NF"
53806894796.3801,7127822,"F"
12833363370.174,18646378,"PF"
2959640987.29943,10487998,"NF"
1662998678.36743,531146,"F"
20016747754.0192,15766293,"NF"
32643697595.8378,23926539,"NF"
1528243213982.08,36109487,"F"
1825018190.85071,4537687,"NF"
10097778353.7651,14561666,"NF"
250440136356.127,18209068,"F"
11233276536737.2,1378665000,"NF"
282825009887.458,48175048,"PF"
1012835518.26037,795592,"PF"
10335424288.4306,4980999,"NF"
37134799974.5225,78789127,"NF"
57157992434.1805,4899345,"F"
47964234560.0514,23822714,"PF"
51601147665.8089,4174349,"F"
9.137e+10,11335109,"NF"
20953442550.3653,1170187,"F"
196272068576.338,10566332,"F"
313115929314.339,5728010,"F"
2603554906.59464,929112,"NF"
576229629.62963,71307,"F"
75704720189.6204,10397743,"PF"
99937696000,16491115,"PF"
332441717791.411,94447072,"NF"
24191440000,6356143,"F"
11240809132.4145,1215179,"NF"
NA,NA,"NF"
24259552888.9717,1315790,"F"
3816018484.52711,1113984,"NF"
74296618481.0882,103603501,"NF"
4930204219.71304,872399,"PF"
240607907010.383,5495303,"F"
2471285607081.72,66724104,"F"
14023890620.3384,2007873,"NF"
15405400000,4367088,"NF"
15141758566.7808,3727505,"PF"
3467498002104.33,82348669,"F"
55009730600.0307,28481946,"F"
195222443844.783,10775971,"F"
1061631222.22222,110261,"F"
66053725049.0138,15827690,"PF"
8595955581.21787,11738441,"PF"
1179004941.22904,1782437,"PF"
4482697336.56174,771366,"F"
13723267960.8434,10839970,"PF"
21717622071.3816,9270795,"PF"
320837638328.846,7336600,"PF"
128470534117.954,9814023,"F"
20618363251.6229,335439,"F"
2294797978291.98,1324509589,"F"
2294797978291.98,1324509589,"PF"
931877364177.742,261554226,"PF"
417983583565.54,79564016,"NF"
174896224010.152,36610632,"NF"
300523297823.576,4755335,"F"
318950599043.544,8546000,"F"
1875797463583.87,60627498,"F"
14075894320.3166,2906238,"F"
4922538141454.62,126994511,"F"
39892551148.8301,9551467,"PF"
137278320084.171,17794055,"NF"
69188755364.2995,49051686,"PF"
178328873.030033,112524,"F"
109419728566.7,3956875,"PF"
6813092065.83507,6079500,"PF"
15805692545.8723,6845846,"NF"
28052325862.0461,1959537,"F"
51205122503.8143,6711121,"PF"
2165408359.1668,2075001,"PF"
3277826000,4586788,"PF"
26197143268.1243,6492164,"NF"
6237264055.20601,37658,"F"
43018087237.5741,2868231,"F"
60691483443.1221,582014,"F"
11848615018.4137,24894380,"PF"
5433040159.88747,17205289,"PF"
301255380276.258,30684804,"PF"
4379115587.82957,475513,"PF"
14025944550.3788,17965429,"PF"
11665231192.2959,455356,"F"
200558400,57735,"F"
6398744505.08129,4163534,"NF"
12232463655.5727,1263473,"F"
1078490651625.31,123333376,"PF"
8071480540.86068,2802170,"PF"
6472990923.1791,38070,"F"
11186734674.3847,3056359,"F"
4373958353.52982,622303,"PF"
103311649248.024,35126296,"PF"
11936999283.1791,27829942,"PF"
67184236746.5694,53045226,"PF"
10665634688.0779,2358041,"F"
100087348.959092,13049,"F"
21185922407.5922,27261131,"PF"
783528181704.567,17030314,"F"
188223664746.524,4714100,"F"
13286083644.8761,6303974,"PF"
10355006770.1014,20788838,"PF"
404650006428.613,185960289,"PF"
NA,25307744,"NF"
10672471860.7184,2080745,"PF"
20953442550.3653,1170187,"F"
368819929542.194,5234519,"F"
65480507170.7857,4479219,"NF"
278654637737.69,203627284,"PF"
278654637737.69,203627284,"NF"
295065400,17725,"F"
57907700000,4037078,"F"
20759069104.55,8271760,"PF"
36054281572.3981,6777872,"PF"
191895943823.887,30926032,"F"
318627003966.055,103663927,"PF"
472630364208.177,37970087,"F"
206286022781.894,10325452,"F"
151732181857.113,2654374,"NF"
188128818486.401,19702267,"F"
1276786979221.81,144342397,"NF"
8697268915.96904,11668818,"NF"
799376439.530168,194535,"F"
1468377272.13859,33504,"F"
345495358.376319,203227,"F"
644935541446.453,32442572,"NF"
19040312815.1337,14993528,"F"
40692643373.0327,7058322,"F"
1426651768.82189,94677,"PF"
3674794530.18956,7328838,"PF"
318652334419.11,5607283,"PF"
89655253976.4258,5430798,"F"
44736333522.4522,2065042,"F"
1378551118.49224,619437,"F"
4198485403.88058,14185613,"NF"
296357282715.109,56207649,"F"
1500111596236.37,51217803,"F"
NA,10832512,"NF"
1232076017361.53,46484062,"F"
82401038709.5356,21203000,"PF"
971166666.666667,51629,"F"
1865375222.22222,180024,"F"
774429629.62963,109459,"F"
51772232494.854,39847440,"NF"
3128953536.91038,564883,"F"
515654671469.547,9923085,"F"
671309197478.183,8373338,"F"
NA,17453933,"NF"
NA,NA,"F"
6952678127.03396,8663579,"NF"
49774021003.0748,53050790,"PF"
413430123185.367,68971331,"NF"
1484579844.37143,2149139,"NF"
1650608600,1219288,"PF"
4486979198.3066,7509952,"PF"
420540178.571429,101133,"F"
22284780326.8856,1377564,"F"
41801210428.3054,11303946,"F"
869683121562.531,79821724,"PF"
3.618e+10,5662372,"NF"
36547799.583705,11225,"F"
29078719933.9986,39647506,"NF"
93355993628.5042,45004673,"PF"
357045064669.843,9360980,"NF"
2694283209613.29,65611593,"F"
18714960538000,322941311,"F"
52687612262.177,3424132,"F"
81779012350.8833,31847900,"NF"
804332795.575017,278330,"F"
NA,29846179,"NF"
205276172134.901,93638724,"NF"
15405400000,4367088,"NF"
NA,NA,"NF"
30935978723.73,27168210,"NF"
20954754378.1394,16363507,"PF"
20548678100,14030390,"PF"
19907111418.9938,34413603,"NF"
11386846319.1589,2880703,"PF"
166361491140.753,39728025,"NF"
2789870187.50693,78011,"F"
116193649124.151,27884381,"NF"
1336692592.59259,93566,"F"
594749285413.212,43131966,"F"
10553337672.9872,2925553,"PF"
1351693984524.5,23815995,"F"
381817565893.574,8642699,"F"
53074370486.0433,9649341,"NF"
11710800000,374206,"F"
31050638297.8723,1371851,"NF"
195078678697.23,156256276,"PF"
4.715e+09,285324,"F"
56454734396.5842,9489616,"NF"
462149679343.822,11274196,"F"
1723800000,360933,"F"
11388160958.249,10575952,"F"
2003598212.99135,727876,"PF"
33000198248.3362,10869730,"PF"
16211541820.2438,3429361,"PF"
14420593484.0557,2120716,"F"
1802214373741.32,204471769,"F"
12930394937.8137,414907,"NF"
50647442756.7445,7177991,"F"
11832159275.603,18110624,"PF"
3104394858.11518,10160030,"NF"
1596800287.16405,524743,"F"
18049954289.4229,15521436,"NF"
30928653813.8538,23298368,"NF"
1556129524418.21,35702908,"F"
1695825708.45604,4493170,"NF"
10950392219.9104,14110975,"NF"
243919085308.936,17969353,"F"
11061553079876.4,1371220000,"NF"
293481748240.779,47520667,"PF"
966029542.038859,777424,"PF"
11953249529.737,4856095,"NF"
37917704900.0794,76244544,"NF"
54775994478.5095,4847804,"F"
45814637971.4745,23226143,"PF"
49525747503.8149,4203604,"F"
8.7133e+10,11324781,"NF"
19842404304.8929,1160985,"F"
188033050459.881,10546059,"F"
302673070846.857,5683483,"F"
2430287967.02678,913993,"NF"
540737037.037037,71183,"F"
71164825257.7372,10281680,"PF"
99290381000,16212020,"PF"
329366576819.407,92442547,"NF"
23438240000,6325124,"F"
13185496836.4124,1168568,"NF"
NA,NA,"NF"
23048864242.6072,1315407,"F"
4062660889.82685,1104044,"NF"
64589334978.8013,100835458,"NF"
4682546881.15833,868627,"PF"
234440080998.273,5479531,"F"
2438207896251.84,66548272,"F"
14383107714.0388,1947686,"NF"
13972400000,4270092,"NF"
14953950557.4406,3725276,"PF"
3356235704119.75,81686611,"F"
48564863888.4402,27849205,"F"
196591353872.132,10820883,"F"
997007925.925926,109599,"F"
62186186575.7433,15567419,"PF"
8794202443.67366,11432088,"PF"
1048229629.42039,1737202,"PF"
4279840361.74334,767432,"F"
14857386163.9184,10695542,"PF"
20979767785.2104,9112916,"PF"
309383627028.561,7291300,"PF"
125074286021.14,9843028,"F"
17389101639.0017,330815,"F"
2103587817041.78,1310152403,"F"
2103587817041.78,1310152403,"PF"
860854235065.079,258383256,"PF"
384951479697.42,78492215,"NF"
177498577312.923,35572261,"NF"
291499812214.551,4701957,"F"
299813121135.458,8380100,"F"
1835899237320.04,60730582,"F"
14187696311.3556,2891021,"F"
4389475622588.97,127141000,"F"
38587017944.3352,9266575,"NF"
184388432148.715,17542806,"NF"
64007750169.3344,47878336,"PF"
171117872.436331,110930,"F"
114567298105.683,3835591,"PF"
6678178340.45121,5956900,"PF"
14390442307.3996,6741164,"NF"
27239653843.5022,1977527,"F"
49939374832.7031,6532678,"PF"
2372280102.51667,2059021,"PF"
3.177e+09,4472230,"PF"
27842131479.8726,6418315,"NF"
6268391521.19701,37470,"F"
41418872976.1196,2904910,"F"
57744457954.7297,569604,"F"
11323023786.5698,24234088,"PF"
6373212640.84604,16745303,"PF"
301354803994.367,30270962,"PF"
4109447297.00709,454915,"PF"
13104802016.2041,17438778,"PF"
11091434435.2345,445053,"F"
184599600,57439,"F"
6166857628.62212,4046301,"NF"
11692287066.381,1262605,"F"
1171867608197.72,121858258,"PF"
7745231660.33425,2834530,"PF"
6261622101.40908,37718,"F"
11749620619.5962,2998439,"F"
4053097851.44823,622159,"PF"
101179808076.36,34663603,"PF"
15950969018.9458,27042002,"PF"
67822772707.1034,52680726,"NF"
11272143472.6244,2314904,"F"
86779266.1619103,12475,"F"
21410840908.5198,27015031,"PF"
765264949780.999,16939923,"F"
177467529071.288,4609400,"F"
12756706583.3113,6223240,"PF"
9685577941.03195,20001663,"PF"
486803295097.89,181137448,"PF"
NA,25183833,"NF"
10064515432.0265,2079328,"PF"
19842404304.8929,1160985,"F"
385801550067.169,5188607,"F"
68399663321.9259,4267348,"NF"
270556131701.171,199426964,"PF"
270556131701.171,199426964,"NF"
280457700,17665,"F"
54091700000,3968487,"F"
21723531182.1369,8107775,"PF"
36164068797.2511,6688746,"PF"
189805300841.603,30470734,"F"
306445871632.259,102113212,"PF"
477811911394.084,37986412,"F"
199313894327.486,10358076,"F"
103375500000,3473232,"F"
161739955577.748,2565710,"NF"
177729210874.504,19815616,"F"
1363481063446.77,144096870,"NF"
8545441361.06541,11369071,"NF"
788307330.55567,193513,"F"
1419394771.21029,33272,"F"
316065369.885019,199432,"F"
654269902888.715,31717667,"NF"
17774766636.0459,14578459,"F"
39655958842.5478,7095383,"F"
1377495054.04127,93419,"PF"
4218723875.1379,7171914,"PF"
308004146057.608,5535002,"PF"
88467555243.7256,5423801,"F"
43090173394.6913,2063531,"F"
1307061543.70981,603118,"PF"
4048860871.41119,13797201,"NF"
317620522794.827,55386369,"F"
1465773245547.15,51014947,"F"
11997800760.2242,10715658,"NF"
1195119269971.52,46444832,"F"
80604080688.5775,20970000,"PF"
923155555.555555,51204,"F"
1808079888.88889,179126,"F"
755400000,109148,"F"
74294508239.5524,38902950,"NF"
4787367928.11777,559136,"F"
505103781349.757,9799186,"F"
679832292004.984,8282396,"F"
NA,17997408,"NF"
NA,NA,"F"
7854602391.65355,8454028,"NF"
47378599025.3044,51482633,"PF"
401295941041.296,68714511,"NF"
1378176868.31568,2085860,"NF"
1594410800,1196302,"PF"
4180866177.03946,7323158,"PF"
437006227.162781,100781,"F"
25062893969.3292,1370328,"F"
43173480831.9739,11179949,"F"
864314287105.727,78529409,"PF"
35799714285.7143,5565287,"NF"
35492074.2243257,11099,"F"
32248116583.6813,38225453,"NF"
91030959454.6961,45154036,"PF"
358135057862.492,9262900,"NF"
2928591002002.51,65116219,"F"
18224704440000,320635163,"F"
53274304222.1829,3412009,"F"
81847410181.7953,31298900,"NF"
759689950.930918,271130,"F"
NA,30081829,"PF"
193241108709.536,92677076,"NF"
13972400000,4270092,"NF"
NA,NA,"NF"
42450620875.6499,26497889,"NF"
21243339048.2369,15879361,"PF"
19963120600,13814629,"PF"
20484885119.7348,33370794,"NF"
13228144008.3428,2889104,"PF"
213860450595.829,38923687,"NF"
3271808157.30038,79213,"F"
145712200312.505,26941779,"NF"
1249733333.33333,92562,"F"
526319673731.638,42669500,"F"
11609512939.7542,2912403,"PF"
1467483705131.74,23475686,"F"
441996131736.508,8546356,"F"
75244294275.1498,9535079,"NF"
11111600000,370633,"F"
33387712765.9574,1336075,"NF"
172885454931.453,154520167,"PF"
4696500000,284825,"F"
78813839984.3506,9474511,"NF"
534678075827.361,11209057,"F"
1662800000,353366,"F"
13284528654.0574,10286842,"F"
1907090813.45906,719056,"PF"
32996188012.6821,10706517,"PF"
18558343508.3435,3482104,"PF"
16250781586.6579,2088614,"F"
2455993625159.37,202763735,"F"
17098342541.4365,409769,"NF"
56901994980.3283,7223938,"F"
13943016923.9017,17586017,"PF"
2705783272.07443,9844297,"NF"
1859898513.26858,518269,"F"
16702610842.4025,15274503,"NF"
34989493826.2179,22681858,"NF"
1803533209844.65,35437435,"F"
1894813504.52945,4464175,"NF"
13940768065.6063,13663559,"NF"
260541629960.664,17758959,"F"
10475682920594.5,1364270000,"NF"
381112119657.445,46967706,"PF"
1149587651.69395,759390,"PF"
17783526317.8894,4736974,"NF"
35909040265.9328,73767447,"NF"
50577769837.7462,4795396,"F"
35363533865.7271,22647683,"PF"
57639588805.5871,4238389,"F"
8.0656e+10,11306902,"NF"
23156850006.6427,1152285,"F"
209358834156.329,10525347,"F"
352993631617.708,5643475,"F"
2214681573.56933,898696,"NF"
520207407.407407,71085,"F"
67179914026.2773,10165178,"F"
101726331000,15951838,"PF"
305595408895.265,90424654,"NF"
22593480000,6295128,"F"
21765454404.421,1122276,"NF"
NA,NA,"NF"
26773473625.1921,1314545,"F"
4422304974.7989,1095021,"NF"
55612228233.5179,98094253,"NF"
4856963251.97477,866453,"PF"
274497230802.958,5461512,"F"
2852165760630.27,66312067,"F"
18203968001.8908,1883800,"NF"
13989700000,4173398,"NF"
17627003454.7205,3719414,"PF"
3883920155292.26,80982500,"F"
53660342159.7735,27224472,"F"
237029578730.029,10892413,"F"
911497407.407407,108902,"F"
57852399705.1292,15306316,"PF"
8778473614.54728,11150977,"PF"
1054915645.19654,1692439,"PF"
4127664335.82693,763380,"F"
14790765759.5274,10549008,"PF"
19756494434.7031,8955589,"PF"
291459356985.337,7229500,"PF"
140765018880.633,9866468,"F"
17758050015.5425,327386,"F"
2039127446298.55,1295604184,"F"
2039127446298.55,1295604184,"PF"
890814755233.225,255129004,"PF"
432687036177.818,77465753,"NF"
234648370506.003,34411951,"NF"
258471884599.611,4657740,"F"
309558454690.917,8215700,"F"
2159133919743.77,60789140,"F"
13897804560.3487,2875136,"F"
4850413536037.84,127276000,"F"
36847643587.2383,8920049,"NF"
221415572819.5,17288285,"NF"
61448046801.6041,46699981,"PF"
179703443.302686,109391,"F"
162631412508.784,3690941,"PF"
7468096566.71158,5835500,"PF"
13268458231.9284,6639756,"NF"
31329367172.7409,1993782,"F"
48134486624.6103,6262410,"PF"
2499803984.26198,2043437,"F"
3.144e+09,4359505,"PF"
41142722414.3351,6362037,"NF"
6657170923.37918,37223,"F"
48574531941.9167,2932367,"F"
66103853236.7572,556319,"F"
12522959157.2295,23589887,"PF"
6047813437.31804,16289540,"PF"
338061963396.376,29866559,"PF"
3697351594.22359,435015,"PF"
14364859445.8846,16934220,"PF"
11626281449.5909,434558,"F"
184689500,57179,"F"
6592537781.81518,3930896,"NF"
12803445933.5894,1260934,"F"
1315351183524.54,120355128,"PF"
9510219299.49557,2856950,"PF"
7069616048.89066,37322,"F"
12226514722.0861,2940108,"F"
4587741791.10639,621810,"F"
110081248587.369,34192347,"PF"
17716084107.5888,26286163,"PF"
65446199787.8425,52280807,"NF"
12356482988.8683,2273430,"F"
104654365.188653,11853,"F"
20002968837.9471,26906926,"PF"
890981311077.658,16865008,"F"
200921936786.219,4516500,"F"
11880434070.7811,6142733,"PF"
10862944203.5591,19240157,"PF"
546676374567.721,176404902,"PF"
NA,25057752,"NF"
11362272837.8818,2077775,"PF"
23156850006.6427,1152285,"F"
498410050251.256,5137232,"F"
80686854742.6073,4027260,"NF"
244360888750.807,195306825,"PF"
244360888750.807,195306825,"NF"
241669800,17626,"F"
49921500000,3901315,"F"
23210682536.8359,7946731,"PF"
40276532540.8812,6599526,"PF"
200789362451.567,30090359,"F"
297483553299.658,100513138,"PF"
542477096211.761,38011735,"F"
229596170846.995,10401062,"F"
102445800000,3534874,"F"
206224598564.624,2459198,"NF"
199959363430.073,19908979,"F"
2059241965490.83,143819667,"NF"
8246166341.35632,11083635,"NF"
756919917.334022,192221,"F"
1673973694.69908,32948,"F"
346527949.761506,195727,"F"
756350347320.381,30916994,"NF"
19797254643.1212,14174731,"F"
47062206677.6539,7130576,"F"
1343007845.04468,91359,"PF"
5015157815.73406,7017144,"PF"
314851156183.411,5469724,"PF"
101189715749.374,5418649,"F"
49930685013.4603,2061980,"F"
1335538893.33315,587079,"PF"
3963532308.99479,13423576,"NF"
350904575292.317,54544184,"F"
1484318219633.63,50746659,"F"
13962212847.4576,10554883,"NF"
1369398844599.58,46480882,"F"
79356449840.5771,20778000,"PF"
916566666.666667,50776,"F"
1755130814.81481,178296,"F"
727714814.814815,108861,"F"
64941713057.3775,37977655,"NF"
5240606060.60606,553278,"F"
581964017237.095,9696110,"F"
709182559935.301,8188649,"F"
NA,18715672,"NF"
NA,NA,"F"
9112544556.05962,8252833,"NF"
49964788814.0926,49959822,"PF"
407339361695.577,68438730,"NF"
1229460601.92174,2024042,"NF"
1447311400,1174331,"PF"
4574986536.90791,7137997,"PF"
439878828.008608,101028,"F"
27615843098.0949,1362342,"F"
47632326088.237,11063201,"F"
938934394763.917,77231907,"PF"
43524210526.3158,5466328,"NF"
37290607.5356048,10972,"F"
32472363451.8826,36912148,"NF"
133503411375.739,45272155,"PF"
403137100068.074,9214175,"NF"
3063803240208.01,64602298,"F"
17527163695000,318301008,"F"
57236013087.7063,3400434,"F"
76658542757.4707,30757700,"NF"
814954306.971033,263888,"F"
482359318767.703,30045134,"PF"
186204652922.262,91714595,"NF"
13989700000,4173398,"NF"
NA,NA,"NF"
43206469767.4419,25823485,"NF"
27150728123.781,15399753,"PF"
19495519600,13586681,"NF"
20561069558.2152,32269589,"NF"
12776217194.7928,2895092,"PF"
209724351221.97,38140132,"NF"
3193704343.20627,80774,"F"
136709862831.194,26015780,"NF"
1181448148.14815,91516,"F"
552025140252.246,42202935,"F"
11121465767.4067,2897584,"PF"
1576184467015.49,23128129,"F"
430068712971.867,8479823,"F"
74164435946.4627,9416801,"NF"
10568400000,367168,"F"
32539468085.1064,1315029,"NF"
149990451022.29,152764676,"PF"
4.677e+09,284296,"F"
75527984234.2342,9465997,"NF"
521642714407.843,11159407,"F"
1579400000,345715,"F"
12517845732.2095,10004588,"F"
1756215665.09323,710238,"PF"
30659338880.3786,10542376,"PF"
18178503835.4491,3542605,"PF"
14901750991.2012,2062536,"F"
2472806919901.67,201035903,"F"
18093829923.2737,404421,"NF"
55615397665.5809,7265115,"F"
13444301139.1384,17072775,"PF"
2451625332.74584,9540289,"PF"
1850470042.43281,511748,"F"
15227991395.2201,15026332,"NF"
32357345500.9885,22077298,"NF"
1847208522155.34,35082954,"F"
1691544192.38242,4447942,"NF"
12953535495.8781,13220424,"NF"
278384345259.377,17571507,"F"
9570406235659.64,1357380000,"NF"
382116126448.555,46495492,"PF"
1116224161.07781,741505,"PF"
17958721571.7526,4622761,"NF"
32679745297.6453,71358807,"NF"
49745088111.6953,4742107,"F"
31273074527.6975,22087505,"PF"
58194069434.1423,4255689,"F"
7.7148e+10,11282720,"NF"
23900872625.8467,1143866,"F"
211685616592.931,10514272,"F"
343584391647.927,5614932,"F"
2042817162.85639,883293,"NF"
498296296.296296,71016,"F"
62682163837.6521,10048224,"F"
95129659000,15707474,"PF"
288434108527.132,88404640,"NF"
21990970000,6266070,"F"
21948835350.3425,1076413,"NF"
NA,NA,"NF"
25271406707.566,1317997,"F"
4597702903.12892,1086839,"NF"
47648211133.2183,95385785,"NF"
4190143206.25611,865608,"PF"
271285280621.373,5438972,"F"
2811077725703.59,65998687,"F"
17595745653.3676,1817071,"NF"
13515500000,4076708,"NF"
17189551520.9811,3717668,"PF"
3732743446218.92,80645605,"F"
62405374785.5052,26607642,"F"
239862011051.781,10965211,"F"
842620111.111111,108170,"F"
52996540576.3161,15043981,"PF"
8376613843.27265,10892810,"PF"
1046087417.96916,1648257,"NF"
4167801802.58255,759285,"F"
14498080022.6317,10400673,"PF"
18499710127.8385,8798521,"PF"
275696879834.966,7178900,"PF"
135411698965.109,9893082,"F"
16033517403.2062,323764,"F"
1856722121394.53,1280846129,"F"
1856722121394.53,1280846129,"PF"
912524136718.018,251806402,"PF"
460293149324.326,76481943,"NF"
234648370497.427,33157050,"NF"
238543539440.554,4623816,"F"
292636164056.027,8059500,"F"
2141315327318.21,60233948,"F"
14262589157.7413,2858709,"F"
5155717056270.83,127445000,"F"
34454440180.6582,8520420,"NF"
236634552078.102,17035551,"NF"
55096728047.9408,45519889,"PF"
185113921.606488,107890,"F"
174161142454.161,3526376,"PF"
7335027591.91628,5719600,"PF"
11942230508.334,6541304,"NF"
30432796305.7043,2012647,"F"
46909335135.1244,5914621,"PF"
2421470018.23985,2028519,"F"
3.067e+09,4248334,"PF"
65502870173.7831,6320359,"PF"
6391735893.83968,36934,"F"
46514471181.9327,2957689,"F"
61739352212.3049,543360,"F"
12423557906.9182,22961253,"PF"
5518880768.57955,15839269,"PF"
323277158906.979,29468872,"PF"
3295011381.75405,415593,"PF"
13242680704.5961,16449864,"PF"
10551661220.181,425967,"F"
187707400,56938,"F"
7223063169.72749,3817494,"NF"
12129642296.4425,1258653,"F"
1274443084716.57,118827161,"PF"
9496684701.43325,2858692,"PF"
6555983530.34932,36901,"F"
12582122604.1921,2881792,"F"
4464502433.55448,621207,"F"
106825649872.108,33715693,"PF"
16974320551.0213,25560725,"PF"
60269734044.526,51852451,"NF"
12011207741.4591,2233510,"F"
98491843.6441982,10821,"F"
19271168018.482,26917906,"PF"
876923518850.405,16804432,"F"
190845889949.764,4442100,"F"
10982938825.6994,6062454,"PF"
10224897934.722,18504255,"PF"
508692961937.492,171765769,"PF"
NA,24929452,"NF"
10817712138.9451,2076067,"PF"
23900872625.8467,1143866,"F"
522761531914.894,5079623,"F"
78555637365.2291,3764805,"NF"
231218567178.979,191262919,"PF"
231218567178.979,191262919,"NF"
221117200,17606,"F"
4.56e+10,3835437,"F"
21261432774.5023,7788379,"PF"
38585317742.9809,6510276,"PF"
201175469114.327,29773987,"F"
283902829721.087,98871552,"PF"
521016262734.924,38040196,"F"
226369502104.236,10457295,"F"
1.0245e+11,3593077,"F"
198727642979.297,2336574,"NF"
190801346194.297,19983693,"F"
2292473246621.08,143506995,"NF"
7819538349.2413,10811543,"NF"
770021663.967789,190717,"F"
1678841811.66158,32553,"F"
300553785.023867,192087,"F"
746647127407.619,30052518,"NF"
18965572150.2913,13782420,"F"
48394239474.6762,7164132,"F"
1328157608.83087,89949,"PF"
4920343194.99339,6863980,"PF"
307576360584.992,5399162,"PF"
98848641554.6311,5413393,"F"
48401896808.3064,2059953,"F"
1284698922.22785,571335,"PF"
3892402684.7557,13063706,"NF"
366829390478.954,53687125,"F"
1370795199976.18,50428893,"F"
18426469016.9492,10355036,"NF"
1354757433212.72,46620045,"F"
74317806538.3632,20585000,"PF"
839774074.074074,50328,"F"
1664816740.74074,177513,"F"
721207407.407407,108622,"F"
57730380599.5285,37072550,"NF"
5145757575.75758,547295,"F"
586841821796.891,9600379,"F"
688504173431.454,8089346,"F"
NA,19584274,"NF"
NA,NA,"F"
8448469837.53831,8059769,"NF"
45680532613.7591,48482266,"PF"
420333203150.426,68144501,"PF"
1375608956.10386,1963711,"NF"
1395524600,1153295,"PF"
4321655656.33177,6954721,"PF"
450643615.180528,101768,"F"
27268478564.5547,1353700,"F"
46251061734.4741,10952951,"PF"
957799371565.729,75928564,"PF"
39197543859.6491,5366375,"NF"
37509075.1110253,10857,"F"
28791625559.2282,35695246,"PF"
183310146378.081,45489648,"PF"
390107556160.654,9197910,"NF"
2786022872706.81,64128273,"F"
16784849196000,315993715,"F"
57531233351.2089,3389439,"F"
68997168337.6782,30243200,"NF"
801787555.861121,256635,"F"
371005379786.566,29783571,"PF"
171222025117.381,90753472,"NF"
13515500000,4076708,"NF"
NA,NA,"NF"
40415235701.9871,25147109,"NF"
28045553105.1354,14926504,"PF"
19091020000,13350356,"NF"
20001598505.7042,31161376,"NF"
12319830252.4768,2900401,"PF"
209021250805.932,37383887,"NF"
3188808942.56713,82427,"F"
128052853643.106,25107931,"NF"
1199948148.14815,90409,"F"
545982375701.128,41733271,"F"
10619320048.5857,2884229,"PF"
1546151783872.96,22733465,"F"
409425234155.263,8429991,"F"
69683935845.2139,9295784,"NF"
10720500000,363584,"F"
30749308510.6383,1299943,"NF"
133355749482.478,151007807,"PF"
4.61e+09,283700,"F"
65685102554.8759,9464495,"NF"
496181260258.3,11106932,"F"
1522900000,338000,"F"
11141358945.1349,9729248,"F"
1781281281.57912,701583,"PF"
27084497482.8616,10377676,"PF"
17226849297.07,3604972,"PF"
14380004175.1194,2039551,"F"
2465188674415.03,199287296,"F"
19047940300.8963,398989,"NF"
54033250328.5151,7305888,"F"
12561016091.4673,16571246,"PF"
2333308099.46249,9245988,"PF"
1741809808.96442,505235,"F"
14054443213.4639,14780454,"NF"
29102772799.0038,21485266,"NF"
1828689329348.99,34714222,"F"
2510126699.05356,4436415,"PF"
12367363677.6199,12784750,"NF"
267122320056.702,17400347,"F"
8532229986993.65,1350695000,"NF"
370921320483.841,46075721,"PF"
1015843368.79008,723871,"PF"
17692912613.1633,4510198,"NF"
29306235826.3885,69020747,"NF"
46473128285.5589,4688000,"F"
26789047554.5988,21547188,"PF"
56580819623.8529,4267558,"F"
7.3141e+10,11257101,"NF"
24978513426.6992,1135046,"F"
208857719320.649,10510785,"F"
327148943812.137,5591572,"F"
1353632941.5207,868136,"NF"
485996296.296296,70965,"F"
60681537194.7076,9930911,"F"
87924544000,15474102,"PF"
279116666666.667,86422240,"PF"
21386140000,6237923,"F"
22388345810.2466,1031191,"NF"
NA,NA,"NF"
23192708981.8446,1322696,"F"
4886658806.33374,1079288,"NF"
43310721414.0829,92726971,"NF"
3972012570.53467,865069,"PF"
258304834621.605,5413971,"F"
2683825225092.63,65659809,"F"
17170465294.0332,1749682,"NF"
12208400000,3979998,"NF"
16488403076.3641,3728874,"PF"
3527344944139.83,80425823,"F"
41270954737.2459,25996449,"F"
245670666767.533,11045011,"F"
799882259.259259,107446,"F"
50388460924.7345,14781942,"PF"
7638045254.42864,10652029,"PF"
989271229.637162,1604979,"NF"
4063090015.91812,755399,"F"
13708931889.7884,10250930,"PF"
18528601901.324,8640691,"PF"
262629441493.476,7150100,"PF"
128475498380.379,9920362,"F"
14724078148.3168,320716,"F"
1827637859135.7,1265782790,"F"
1827637859135.7,1265782790,"PF"
917869910105.749,248452413,"F"
598868460912.847,75539862,"NF"
217807625616.475,31890011,"NF"
224999484361.826,4599533,"F"
257180147032.142,7910500,"F"
2087077032435.15,59539717,"F"
14807086889.2099,2842132,"F"
6203213121334.12,127629000,"F"
31634561670.4356,8090872,"NF"
207998568865.789,16792090,"NF"
50412754861.0191,44343410,"PF"
190243321.598675,106370,"F"
174070382279.385,3348853,"PF"
6605139933.41063,5607200,"PF"
10191350119.6808,6444530,"NF"
28330632928.5559,2034319,"F"
44035991745.6716,5538634,"PF"
2526185314.17438,2014990,"F"
2.721e+09,4135659,"PF"
81873662518.8238,6285750,"PF"
5456009384.66461,36615,"F"
42943442157.7701,2987773,"F"
56677961787.0717,530946,"F"
11578978052.8789,22346641,"PF"
6028487928.83351,15396005,"PF"
314443149443.149,29068159,"PF"
2886170571.69634,397237,"PF"
12441946098.4018,15979499,"NF"
9462238256.97848,420028,"F"
182874800,56717,"F"
6728208836.22143,3706554,"NF"
11668685524.1265,1255882,"F"
1201089987015.45,117274155,"PF"
8709165249.26928,2859458,"PF"
5743029680.07195,36460,"F"
12292770631.1967,2824699,"F"
4087561649.51236,620601,"F"
98266306615.3632,33241898,"PF"
16350804543.0515,24862648,"PF"
59937797559.3295,51413698,"NF"
13041886316.4832,2194784,"F"
96927201.4848422,10279,"F"
18851513891.066,26989862,"PF"
838971306990.906,16754962,"F"
176247979235.906,4408100,"F"
10532049076.9407,5982526,"PF"
9426913349.22319,17795191,"PF"
455501524575.498,167228767,"PF"
NA,24800612,"NF"
9745251126.0109,2074278,"PF"
24978513426.6992,1135046,"F"
509506317146.541,5018573,"F"
76511059935.9394,3498029,"NF"
224383620829.57,187281475,"PF"
224383620829.57,187281475,"NF"
212397800,17640,"F"
40429700000,3770624,"F"
21295659249.2443,7631002,"PF"
33283228891.0923,6421512,"PF"
192648999090.082,29506788,"F"
261920542606.89,97212638,"PF"
498523568248.119,38063164,"F"
216236608773.976,10514844,"F"
101564800000,3634488,"F"
186833502362.128,2196074,"NF"
170635805316.879,20058035,"F"
2208295773643.15,143201721,"NF"
7655138385.44374,10549678,"NF"
760549587.136028,189088,"F"
1604779647.95066,32105,"F"
250680453.148915,188404,"F"
735974843348.664,29155187,"NF"
17824398468.8858,13401991,"F"
43309252921.0567,7199077,"F"
1060226125.62616,88303,"PF"
3801862611.36414,6712581,"F"
295087220933.024,5312437,"PF"
94534730680.6023,5407579,"F"
46580457470.2769,2057159,"F"
1190994126.60431,556064,"PF"
NA,12715510,"NF"
396332702639.496,52832659,"F"
1278427634342.59,50199853,"F"
11931472169.4915,10113647,"NF"
1324820091194.67,46773055,"F"
68434409315.1123,20425000,"PF"
800414814.814815,49881,"F"
1605146777.77778,176646,"F"
692933333.333333,108435,"F"
52766746152.1786,36193783,"NF"
4.98e+09,541247,"F"
552483727282.802,9519374,"F"
668043613696.287,7996861,"F"
NA,20442541,"NF"
NA,NA,"F"
7633049792.09321,7874835,"NF"
39650530214.3287,47052481,"PF"
397558222957.17,67835957,"PF"
1415006238.09509,1905011,"NF"
1147779600,1132994,"PF"
3873308389.30006,6773807,"PF"
470714083.426751,102737,"F"
25763220107.0051,1344817,"F"
45044112939.3687,10847002,"PF"
880555967207.49,74653016,"PF"
35164210526.3158,5267900,"NF"
37671774.6945537,10739,"F"
27188666946.7055,34559168,"PF"
175781379051.433,45593342,"PF"
374590605854.323,9141596,"NF"
2704887678386.72,63700215,"F"
16197007349000,313830990,"F"
51264390114.2305,3378974,"F"
63628854498.5024,29774500,"NF"
781702874.106058,249499,"F"
381286237847.667,29362449,"PF"
155820001920.492,89802487,"NF"
12208400000,3979998,"NF"
NA,NA,"NF"
35401341663.0425,24473178,"NF"
25503060420.026,14465121,"PF"
17114849900,13115131,"NF"
